﻿<?xml version="1.0" encoding="UTF-8" ?><Production_Data Version="6.01"><HTMLTemplateFile>FlashTemplate.htm</HTMLTemplateFile>
<HTMLTemplateBodyFile>FlashTemplate-body.htm</HTMLTemplateBodyFile>
<HTMLTemplateHeaderFile>FlashTemplate-header.htm</HTMLTemplateHeaderFile>
<VideoFilenameWithPath>C:\Users\DNZ\AppData\Local\Temp\BSM302_H04.swf</VideoFilenameWithPath>
<HTMLTitle>Created by Camtasia Studio 6</HTMLTitle>
<AddIPodFileSize>0 bytes</AddIPodFileSize>
<AddMP3FileSize>0 bytes</AddMP3FileSize>
<AddPPTFileSize>0 bytes</AddPPTFileSize>
<ProjectName>BSM302_H04</ProjectName>
<MediaDir></MediaDir>
<ShouldCreateMediaDir>0</ShouldCreateMediaDir>
<MaxTimelineWidth>1280</MaxTimelineWidth>
<MaxTimelineHeight>800</MaxTimelineHeight>
<MaxTimelineFPS>10.00</MaxTimelineFPS>
<MaxVideoWidth>1280</MaxVideoWidth>
<MaxVideoHeight>800</MaxVideoHeight>
<MaxVideoFPS>10.00</MaxVideoFPS>
<MaxPIPWidth>0</MaxPIPWidth>
<MaxPIPHeight>0</MaxPIPHeight>
<MaxPIPFPS>0.00</MaxPIPFPS>
<VideoDuration>1403.80</VideoDuration>
<PIPVideoDuration>1403.80</PIPVideoDuration>
<VideoFPS>30.00</VideoFPS>
<PIPVideoFPS>30.00</PIPVideoFPS>
<VideoWidth>750</VideoWidth>
<VideoHeight>488</VideoHeight>
<ActualVideoWidth>750</ActualVideoWidth>
<ActualVideoHeight>469</ActualVideoHeight>
<PIPVideoWidth>0</PIPVideoWidth>
<PIPVideoHeight>0</PIPVideoHeight>
<TOCWidth>-1</TOCWidth>
<MinTOCWidth>160</MinTOCWidth>
<TOCDividerHeight>18</TOCDividerHeight>
<TimelineHasAudio>1</TimelineHasAudio>
<TimelineDuration>14038000000</TimelineDuration>
<SWFControllerTotalHeight>19</SWFControllerTotalHeight>
<SWFMinWidth>320</SWFMinWidth>
<SWFTOCXPos>0</SWFTOCXPos>
<SWFTOCYPos>0</SWFTOCYPos>
<SWFTOCWidth>-1</SWFTOCWidth>
<SWFTOCHeight>0</SWFTOCHeight>
<SWFHasPIPOverlay>0</SWFHasPIPOverlay>
<SWFControllerColor></SWFControllerColor>
<SWFTimeDispFontColor>0x000000</SWFTimeDispFontColor>
<SWFPlaybackConfigFileName>BSM302_H04_config.xml</SWFPlaybackConfigFileName>
<SWFPlaybackControllerFileName>BSM302_H04_controller.swf</SWFPlaybackControllerFileName>
<SWFPreloaderFileName>BSM302_H04_preload.swf</SWFPreloaderFileName>
<StripWhitespace>0</StripWhitespace>
<WritingImages>0</WritingImages>
<WritePreviewXML>0</WritePreviewXML>
<DisableTOC>0</DisableTOC>
<AutoPlay>1</AutoPlay>
<CancelledProduction>0</CancelledProduction>
<CancelledProdLength>14036000000</CancelledProdLength>
<Hotspot_Array>
</Hotspot_Array>
<AdjGlobalRenderRangeStart>-1</AdjGlobalRenderRangeStart>
<AdjGlobalRenderRangeStop>-1</AdjGlobalRenderRangeStop>
<AdjRenderRange_Array>
<AdjRenderRange_Obj>
<AdjRenderRangeStart>0</AdjRenderRangeStart>
<AdjRenderRangeStop>86000000</AdjRenderRangeStop>
</AdjRenderRange_Obj>
<AdjRenderRange_Obj>
<AdjRenderRangeStart>86000000</AdjRenderRangeStart>
<AdjRenderRangeStop>998000000</AdjRenderRangeStop>
</AdjRenderRange_Obj>
<AdjRenderRange_Obj>
<AdjRenderRangeStart>998000000</AdjRenderRangeStart>
<AdjRenderRangeStop>1668000000</AdjRenderRangeStop>
</AdjRenderRange_Obj>
<AdjRenderRange_Obj>
<AdjRenderRangeStart>1668000000</AdjRenderRangeStart>
<AdjRenderRangeStop>2175000000</AdjRenderRangeStop>
</AdjRenderRange_Obj>
<AdjRenderRange_Obj>
<AdjRenderRangeStart>2175000000</AdjRenderRangeStart>
<AdjRenderRangeStop>2879000000</AdjRenderRangeStop>
</AdjRenderRange_Obj>
<AdjRenderRange_Obj>
<AdjRenderRangeStart>2879000000</AdjRenderRangeStart>
<AdjRenderRangeStop>3307000000</AdjRenderRangeStop>
</AdjRenderRange_Obj>
<AdjRenderRange_Obj>
<AdjRenderRangeStart>3307000000</AdjRenderRangeStart>
<AdjRenderRangeStop>3327000000</AdjRenderRangeStop>
</AdjRenderRange_Obj>
<AdjRenderRange_Obj>
<AdjRenderRangeStart>3327000000</AdjRenderRangeStart>
<AdjRenderRangeStop>3362000000</AdjRenderRangeStop>
</AdjRenderRange_Obj>
<AdjRenderRange_Obj>
<AdjRenderRangeStart>3362000000</AdjRenderRangeStart>
<AdjRenderRangeStop>3806000000</AdjRenderRangeStop>
</AdjRenderRange_Obj>
<AdjRenderRange_Obj>
<AdjRenderRangeStart>3806000000</AdjRenderRangeStart>
<AdjRenderRangeStop>4201000000</AdjRenderRangeStop>
</AdjRenderRange_Obj>
<AdjRenderRange_Obj>
<AdjRenderRangeStart>4201000000</AdjRenderRangeStart>
<AdjRenderRangeStop>4719000000</AdjRenderRangeStop>
</AdjRenderRange_Obj>
<AdjRenderRange_Obj>
<AdjRenderRangeStart>4719000000</AdjRenderRangeStart>
<AdjRenderRangeStop>5685000000</AdjRenderRangeStop>
</AdjRenderRange_Obj>
<AdjRenderRange_Obj>
<AdjRenderRangeStart>5685000000</AdjRenderRangeStart>
<AdjRenderRangeStop>5966000000</AdjRenderRangeStop>
</AdjRenderRange_Obj>
<AdjRenderRange_Obj>
<AdjRenderRangeStart>5966000000</AdjRenderRangeStart>
<AdjRenderRangeStop>6408000000</AdjRenderRangeStop>
</AdjRenderRange_Obj>
<AdjRenderRange_Obj>
<AdjRenderRangeStart>6408000000</AdjRenderRangeStart>
<AdjRenderRangeStop>7169000000</AdjRenderRangeStop>
</AdjRenderRange_Obj>
<AdjRenderRange_Obj>
<AdjRenderRangeStart>7169000000</AdjRenderRangeStart>
<AdjRenderRangeStop>8073000000</AdjRenderRangeStop>
</AdjRenderRange_Obj>
<AdjRenderRange_Obj>
<AdjRenderRangeStart>8073000000</AdjRenderRangeStart>
<AdjRenderRangeStop>8840000000</AdjRenderRangeStop>
</AdjRenderRange_Obj>
<AdjRenderRange_Obj>
<AdjRenderRangeStart>8840000000</AdjRenderRangeStart>
<AdjRenderRangeStop>10248000000</AdjRenderRangeStop>
</AdjRenderRange_Obj>
<AdjRenderRange_Obj>
<AdjRenderRangeStart>10248000000</AdjRenderRangeStart>
<AdjRenderRangeStop>10438000000</AdjRenderRangeStop>
</AdjRenderRange_Obj>
<AdjRenderRange_Obj>
<AdjRenderRangeStart>10438000000</AdjRenderRangeStart>
<AdjRenderRangeStop>11361000000</AdjRenderRangeStop>
</AdjRenderRange_Obj>
<AdjRenderRange_Obj>
<AdjRenderRangeStart>11361000000</AdjRenderRangeStart>
<AdjRenderRangeStop>11567000000</AdjRenderRangeStop>
</AdjRenderRange_Obj>
<AdjRenderRange_Obj>
<AdjRenderRangeStart>11567000000</AdjRenderRangeStart>
<AdjRenderRangeStop>13983000000</AdjRenderRangeStop>
</AdjRenderRange_Obj>
<AdjRenderRange_Obj>
<AdjRenderRangeStart>13983000000</AdjRenderRangeStart>
<AdjRenderRangeStop>13984000000</AdjRenderRangeStop>
</AdjRenderRange_Obj>
<AdjRenderRange_Obj>
<AdjRenderRangeStart>13984000000</AdjRenderRangeStart>
<AdjRenderRangeStop>14038000000</AdjRenderRangeStop>
</AdjRenderRange_Obj>
</AdjRenderRange_Array>
<AdjMarkerDuration_Array>
<AdjMarkerDuration_Obj>
<AdjMarkerDuration>86000000</AdjMarkerDuration>
</AdjMarkerDuration_Obj>
<AdjMarkerDuration_Obj>
<AdjMarkerDuration>912000000</AdjMarkerDuration>
</AdjMarkerDuration_Obj>
<AdjMarkerDuration_Obj>
<AdjMarkerDuration>670000000</AdjMarkerDuration>
</AdjMarkerDuration_Obj>
<AdjMarkerDuration_Obj>
<AdjMarkerDuration>507000000</AdjMarkerDuration>
</AdjMarkerDuration_Obj>
<AdjMarkerDuration_Obj>
<AdjMarkerDuration>704000000</AdjMarkerDuration>
</AdjMarkerDuration_Obj>
<AdjMarkerDuration_Obj>
<AdjMarkerDuration>428000000</AdjMarkerDuration>
</AdjMarkerDuration_Obj>
<AdjMarkerDuration_Obj>
<AdjMarkerDuration>20000000</AdjMarkerDuration>
</AdjMarkerDuration_Obj>
<AdjMarkerDuration_Obj>
<AdjMarkerDuration>35000000</AdjMarkerDuration>
</AdjMarkerDuration_Obj>
<AdjMarkerDuration_Obj>
<AdjMarkerDuration>444000000</AdjMarkerDuration>
</AdjMarkerDuration_Obj>
<AdjMarkerDuration_Obj>
<AdjMarkerDuration>395000000</AdjMarkerDuration>
</AdjMarkerDuration_Obj>
<AdjMarkerDuration_Obj>
<AdjMarkerDuration>518000000</AdjMarkerDuration>
</AdjMarkerDuration_Obj>
<AdjMarkerDuration_Obj>
<AdjMarkerDuration>966000000</AdjMarkerDuration>
</AdjMarkerDuration_Obj>
<AdjMarkerDuration_Obj>
<AdjMarkerDuration>281000000</AdjMarkerDuration>
</AdjMarkerDuration_Obj>
<AdjMarkerDuration_Obj>
<AdjMarkerDuration>442000000</AdjMarkerDuration>
</AdjMarkerDuration_Obj>
<AdjMarkerDuration_Obj>
<AdjMarkerDuration>761000000</AdjMarkerDuration>
</AdjMarkerDuration_Obj>
<AdjMarkerDuration_Obj>
<AdjMarkerDuration>904000000</AdjMarkerDuration>
</AdjMarkerDuration_Obj>
<AdjMarkerDuration_Obj>
<AdjMarkerDuration>767000000</AdjMarkerDuration>
</AdjMarkerDuration_Obj>
<AdjMarkerDuration_Obj>
<AdjMarkerDuration>1408000000</AdjMarkerDuration>
</AdjMarkerDuration_Obj>
<AdjMarkerDuration_Obj>
<AdjMarkerDuration>190000000</AdjMarkerDuration>
</AdjMarkerDuration_Obj>
<AdjMarkerDuration_Obj>
<AdjMarkerDuration>923000000</AdjMarkerDuration>
</AdjMarkerDuration_Obj>
<AdjMarkerDuration_Obj>
<AdjMarkerDuration>206000000</AdjMarkerDuration>
</AdjMarkerDuration_Obj>
<AdjMarkerDuration_Obj>
<AdjMarkerDuration>2416000000</AdjMarkerDuration>
</AdjMarkerDuration_Obj>
<AdjMarkerDuration_Obj>
<AdjMarkerDuration>1000000</AdjMarkerDuration>
</AdjMarkerDuration_Obj>
<AdjMarkerDuration_Obj>
<AdjMarkerDuration>54000000</AdjMarkerDuration>
</AdjMarkerDuration_Obj>
</AdjMarkerDuration_Array>
<AdjMarkerTimes_Array>
<AdjMarkerTime_Obj>
<AdjMarkerTime>0</AdjMarkerTime>
</AdjMarkerTime_Obj>
<AdjMarkerTime_Obj>
<AdjMarkerTime>86000000</AdjMarkerTime>
</AdjMarkerTime_Obj>
<AdjMarkerTime_Obj>
<AdjMarkerTime>998000000</AdjMarkerTime>
</AdjMarkerTime_Obj>
<AdjMarkerTime_Obj>
<AdjMarkerTime>1668000000</AdjMarkerTime>
</AdjMarkerTime_Obj>
<AdjMarkerTime_Obj>
<AdjMarkerTime>2175000000</AdjMarkerTime>
</AdjMarkerTime_Obj>
<AdjMarkerTime_Obj>
<AdjMarkerTime>2879000000</AdjMarkerTime>
</AdjMarkerTime_Obj>
<AdjMarkerTime_Obj>
<AdjMarkerTime>3307000000</AdjMarkerTime>
</AdjMarkerTime_Obj>
<AdjMarkerTime_Obj>
<AdjMarkerTime>3327000000</AdjMarkerTime>
</AdjMarkerTime_Obj>
<AdjMarkerTime_Obj>
<AdjMarkerTime>3362000000</AdjMarkerTime>
</AdjMarkerTime_Obj>
<AdjMarkerTime_Obj>
<AdjMarkerTime>3806000000</AdjMarkerTime>
</AdjMarkerTime_Obj>
<AdjMarkerTime_Obj>
<AdjMarkerTime>4201000000</AdjMarkerTime>
</AdjMarkerTime_Obj>
<AdjMarkerTime_Obj>
<AdjMarkerTime>4719000000</AdjMarkerTime>
</AdjMarkerTime_Obj>
<AdjMarkerTime_Obj>
<AdjMarkerTime>5685000000</AdjMarkerTime>
</AdjMarkerTime_Obj>
<AdjMarkerTime_Obj>
<AdjMarkerTime>5966000000</AdjMarkerTime>
</AdjMarkerTime_Obj>
<AdjMarkerTime_Obj>
<AdjMarkerTime>6408000000</AdjMarkerTime>
</AdjMarkerTime_Obj>
<AdjMarkerTime_Obj>
<AdjMarkerTime>7169000000</AdjMarkerTime>
</AdjMarkerTime_Obj>
<AdjMarkerTime_Obj>
<AdjMarkerTime>8073000000</AdjMarkerTime>
</AdjMarkerTime_Obj>
<AdjMarkerTime_Obj>
<AdjMarkerTime>8840000000</AdjMarkerTime>
</AdjMarkerTime_Obj>
<AdjMarkerTime_Obj>
<AdjMarkerTime>10248000000</AdjMarkerTime>
</AdjMarkerTime_Obj>
<AdjMarkerTime_Obj>
<AdjMarkerTime>10438000000</AdjMarkerTime>
</AdjMarkerTime_Obj>
<AdjMarkerTime_Obj>
<AdjMarkerTime>11361000000</AdjMarkerTime>
</AdjMarkerTime_Obj>
<AdjMarkerTime_Obj>
<AdjMarkerTime>11567000000</AdjMarkerTime>
</AdjMarkerTime_Obj>
<AdjMarkerTime_Obj>
<AdjMarkerTime>13983000000</AdjMarkerTime>
</AdjMarkerTime_Obj>
<AdjMarkerTime_Obj>
<AdjMarkerTime>13984000000</AdjMarkerTime>
</AdjMarkerTime_Obj>
</AdjMarkerTimes_Array>
<HasQuizQuestions>0</HasQuizQuestions>
<m_strQuizQuestionOfString>Question @ of @</m_strQuizQuestionOfString>
<m_strQuizPrevString>Prev</m_strQuizPrevString>
<m_strQuizSubmitString>Submit</m_strQuizSubmitString>
<m_strQuizNextString>Next</m_strQuizNextString>
<m_strQuizDoneString>Done</m_strQuizDoneString>
<m_strQuizPreviewString>Preview</m_strQuizPreviewString>
<m_strQuizSendString>Send</m_strQuizSendString>
<m_strQuizMainMessageString>You have reached the end of the questions and this video. Your answers are ready to be sent.</m_strQuizMainMessageString>
<m_strQuizEmailContentsString>E-mail Contents</m_strQuizEmailContentsString>
<m_strQuizEmailToString>E-mail to </m_strQuizEmailToString>
<m_strQuizAnswersSentString>Your answers have been sent.</m_strQuizAnswersSentString>
<m_strQuizSummaryString>You have completed @ of @ questions.</m_strQuizSummaryString>
<m_strQuizScoreString>Score = @/@</m_strQuizScoreString>
<m_strQuizSummaryTitleString>Answers Summary</m_strQuizSummaryTitleString>
<Quiz_Array>
</Quiz_Array>
<Markers_Array>
<Marker_Object>
<MarkerName>Mikroişlemcili Sistemler ve Laboratuvarı</MarkerName>
<MarkerImage></MarkerImage>
<MarkerTime>0</MarkerTime>
<IndentLevel>0</IndentLevel>
<ShouldIgnore>0</ShouldIgnore>
</Marker_Object>
<Marker_Object>
<MarkerName>Mikroişlemci Yapısı</MarkerName>
<MarkerImage></MarkerImage>
<MarkerTime>86000000</MarkerTime>
<IndentLevel>0</IndentLevel>
<ShouldIgnore>0</ShouldIgnore>
</Marker_Object>
<Marker_Object>
<MarkerName>Slide 3</MarkerName>
<MarkerImage></MarkerImage>
<MarkerTime>998000000</MarkerTime>
<IndentLevel>0</IndentLevel>
<ShouldIgnore>0</ShouldIgnore>
</Marker_Object>
<Marker_Object>
<MarkerName>4.1. Genel Amaçlı Kaydediciler </MarkerName>
<MarkerImage></MarkerImage>
<MarkerTime>1668000000</MarkerTime>
<IndentLevel>0</IndentLevel>
<ShouldIgnore>0</ShouldIgnore>
</Marker_Object>
<Marker_Object>
<MarkerName>Slide 5</MarkerName>
<MarkerImage></MarkerImage>
<MarkerTime>2175000000</MarkerTime>
<IndentLevel>0</IndentLevel>
<ShouldIgnore>0</ShouldIgnore>
</Marker_Object>
<Marker_Object>
<MarkerName>Slide 6</MarkerName>
<MarkerImage></MarkerImage>
<MarkerTime>2879000000</MarkerTime>
<IndentLevel>0</IndentLevel>
<ShouldIgnore>0</ShouldIgnore>
</Marker_Object>
<Marker_Object>
<MarkerName>4.2. Adres Kaydediciler</MarkerName>
<MarkerImage></MarkerImage>
<MarkerTime>3307000000</MarkerTime>
<IndentLevel>0</IndentLevel>
<ShouldIgnore>0</ShouldIgnore>
</Marker_Object>
<Marker_Object>
<MarkerName>Slide 6</MarkerName>
<MarkerImage></MarkerImage>
<MarkerTime>3327000000</MarkerTime>
<IndentLevel>0</IndentLevel>
<ShouldIgnore>0</ShouldIgnore>
</Marker_Object>
<Marker_Object>
<MarkerName>4.2. Adres Kaydediciler</MarkerName>
<MarkerImage></MarkerImage>
<MarkerTime>3362000000</MarkerTime>
<IndentLevel>0</IndentLevel>
<ShouldIgnore>0</ShouldIgnore>
</Marker_Object>
<Marker_Object>
<MarkerName>Program Sayıcı-PC (Program Counter)</MarkerName>
<MarkerImage></MarkerImage>
<MarkerTime>3806000000</MarkerTime>
<IndentLevel>0</IndentLevel>
<ShouldIgnore>0</ShouldIgnore>
</Marker_Object>
<Marker_Object>
<MarkerName>Slide 9</MarkerName>
<MarkerImage></MarkerImage>
<MarkerTime>4201000000</MarkerTime>
<IndentLevel>0</IndentLevel>
<ShouldIgnore>0</ShouldIgnore>
</Marker_Object>
<Marker_Object>
<MarkerName>Yığın İşaretleyici-SP (Stack Pointer)</MarkerName>
<MarkerImage></MarkerImage>
<MarkerTime>4719000000</MarkerTime>
<IndentLevel>0</IndentLevel>
<ShouldIgnore>0</ShouldIgnore>
</Marker_Object>
<Marker_Object>
<MarkerName>Slide 11</MarkerName>
<MarkerImage></MarkerImage>
<MarkerTime>5685000000</MarkerTime>
<IndentLevel>0</IndentLevel>
<ShouldIgnore>0</ShouldIgnore>
</Marker_Object>
<Marker_Object>
<MarkerName>İndeks Kaydedici-IX (Index Register)</MarkerName>
<MarkerImage></MarkerImage>
<MarkerTime>5966000000</MarkerTime>
<IndentLevel>0</IndentLevel>
<ShouldIgnore>0</ShouldIgnore>
</Marker_Object>
<Marker_Object>
<MarkerName>4.3. Program Durum Kaydedicisi-PSW  (Program Status Word) </MarkerName>
<MarkerImage></MarkerImage>
<MarkerTime>6408000000</MarkerTime>
<IndentLevel>0</IndentLevel>
<ShouldIgnore>0</ShouldIgnore>
</Marker_Object>
<Marker_Object>
<MarkerName>Bayraklar-Flags</MarkerName>
<MarkerImage></MarkerImage>
<MarkerTime>7169000000</MarkerTime>
<IndentLevel>0</IndentLevel>
<ShouldIgnore>0</ShouldIgnore>
</Marker_Object>
<Marker_Object>
<MarkerName>Bayraklar-Flags (devam)</MarkerName>
<MarkerImage></MarkerImage>
<MarkerTime>8073000000</MarkerTime>
<IndentLevel>0</IndentLevel>
<ShouldIgnore>0</ShouldIgnore>
</Marker_Object>
<Marker_Object>
<MarkerName>4.4. 8085 Mikroişlemci Ayak Bağlantıları</MarkerName>
<MarkerImage></MarkerImage>
<MarkerTime>8840000000</MarkerTime>
<IndentLevel>0</IndentLevel>
<ShouldIgnore>0</ShouldIgnore>
</Marker_Object>
<Marker_Object>
<MarkerName>Slide 17</MarkerName>
<MarkerImage></MarkerImage>
<MarkerTime>10248000000</MarkerTime>
<IndentLevel>0</IndentLevel>
<ShouldIgnore>0</ShouldIgnore>
</Marker_Object>
<Marker_Object>
<MarkerName>4.5. 8085 Mikroişlemcisi İç Yapısı</MarkerName>
<MarkerImage></MarkerImage>
<MarkerTime>10438000000</MarkerTime>
<IndentLevel>0</IndentLevel>
<ShouldIgnore>0</ShouldIgnore>
</Marker_Object>
<Marker_Object>
<MarkerName>4.6. 8085 Mikroişlemcisi Klavuzu </MarkerName>
<MarkerImage></MarkerImage>
<MarkerTime>11361000000</MarkerTime>
<IndentLevel>0</IndentLevel>
<ShouldIgnore>0</ShouldIgnore>
</Marker_Object>
<Marker_Object>
<MarkerName>Presentation Paused</MarkerName>
<MarkerImage></MarkerImage>
<MarkerTime>11567000000</MarkerTime>
<IndentLevel>0</IndentLevel>
<ShouldIgnore>0</ShouldIgnore>
</Marker_Object>
<Marker_Object>
<MarkerName>Presentation Resumed</MarkerName>
<MarkerImage></MarkerImage>
<MarkerTime>13983000000</MarkerTime>
<IndentLevel>0</IndentLevel>
<ShouldIgnore>0</ShouldIgnore>
</Marker_Object>
<Marker_Object>
<MarkerName>Sorular: </MarkerName>
<MarkerImage></MarkerImage>
<MarkerTime>13984000000</MarkerTime>
<IndentLevel>0</IndentLevel>
<ShouldIgnore>0</ShouldIgnore>
</Marker_Object>
</Markers_Array>
<CaptionPlayerXML_Array>
</CaptionPlayerXML_Array>
<CaptionFontHeight>23</CaptionFontHeight>
<MaxCaptionsCharsPerLine>32</MaxCaptionsCharsPerLine>
<TimelineCaptionCount>0</TimelineCaptionCount>
<CaptionHeight>0</CaptionHeight>
<CloseCaptions_Array>
</CloseCaptions_Array>
<NumMetaDataTypes>183</NumMetaDataTypes>
<MetaData_Array>
<MetaData_Object>
<MetaDataType>Date</MetaDataType>
<MetaDataValue>2011-03-10 09:26:40 </MetaDataValue>
<MetaDataEmbedName>DC.date</MetaDataEmbedName>
</MetaData_Object>
<MetaData_Object>
<MetaDataType>Language</MetaDataType>
<MetaDataValue>ENU</MetaDataValue>
<MetaDataEmbedName>DC.language</MetaDataEmbedName>
</MetaData_Object>
<MetaData_Object>
<MetaDataType>Title</MetaDataType>
<MetaDataValue>BSM302_H04</MetaDataValue>
<MetaDataEmbedName>DC.title</MetaDataEmbedName>
</MetaData_Object>
</MetaData_Array>
<NumFileTypesUsedByProduction>12</NumFileTypesUsedByProduction>
<FileTypesUsed_Array>
<FileTypeUsed_Object>
<FileTypeName>Video</FileTypeName>
</FileTypeUsed_Object>
<FileTypeUsed_Object>
<FileTypeName>SCORMManifest</FileTypeName>
</FileTypeUsed_Object>
<FileTypeUsed_Object>
<FileTypeName>SCORMSupport</FileTypeName>
</FileTypeUsed_Object>
<FileTypeUsed_Object>
<FileTypeName>SCORMDetectionJS</FileTypeName>
</FileTypeUsed_Object>
<FileTypeUsed_Object>
<FileTypeName>HTMLFile</FileTypeName>
</FileTypeUsed_Object>
<FileTypeUsed_Object>
<FileTypeName>EmbededPlayerJS</FileTypeName>
</FileTypeUsed_Object>
<FileTypeUsed_Object>
<FileTypeName>HTMLJSFile</FileTypeName>
</FileTypeUsed_Object>
<FileTypeUsed_Object>
<FileTypeName>FlashConfig</FileTypeName>
</FileTypeUsed_Object>
<FileTypeUsed_Object>
<FileTypeName>FlashController</FileTypeName>
</FileTypeUsed_Object>
<FileTypeUsed_Object>
<FileTypeName>FlashPreloader</FileTypeName>
</FileTypeUsed_Object>
<FileTypeUsed_Object>
<FileTypeName>FlashNoPlayerBGImage</FileTypeName>
</FileTypeUsed_Object>
<FileTypeUsed_Object>
<FileTypeName>ProductionInfoXML</FileTypeName>
</FileTypeUsed_Object>
</FileTypesUsed_Array>
<NumFilesTotal>15</NumFilesTotal>
<ProducedFiles_Array>
<ProducedFile_Object>
<FileName>G:\LISANS\BAHAR DONEMI\6.YARIYIL\BSM302_MİKROİŞLE. SİSTEM. VE LAB\BSM302_H04\BSM302_H04.swf</FileName>
<FileSize>0</FileSize>
<FileType>Video</FileType>
<WhichFilesOfCurType>0</WhichFilesOfCurType>
<TotalFilesOfCurType>1</TotalFilesOfCurType>
</ProducedFile_Object>
<ProducedFile_Object>
<FileName>G:\LISANS\BAHAR DONEMI\6.YARIYIL\BSM302_MİKROİŞLE. SİSTEM. VE LAB\BSM302_H04\imsmanifest.xml</FileName>
<FileSize>0</FileSize>
<FileType>SCORMManifest</FileType>
<WhichFilesOfCurType>0</WhichFilesOfCurType>
<TotalFilesOfCurType>1</TotalFilesOfCurType>
</ProducedFile_Object>
<ProducedFile_Object>
<FileName>G:\LISANS\BAHAR DONEMI\6.YARIYIL\BSM302_MİKROİŞLE. SİSTEM. VE LAB\BSM302_H04\adlcp_rootv1p2.xsd</FileName>
<FileSize>0</FileSize>
<FileType>SCORMSupport</FileType>
<WhichFilesOfCurType>0</WhichFilesOfCurType>
<TotalFilesOfCurType>4</TotalFilesOfCurType>
</ProducedFile_Object>
<ProducedFile_Object>
<FileName>G:\LISANS\BAHAR DONEMI\6.YARIYIL\BSM302_MİKROİŞLE. SİSTEM. VE LAB\BSM302_H04\ims_xml.xsd</FileName>
<FileSize>0</FileSize>
<FileType>SCORMSupport</FileType>
<WhichFilesOfCurType>1</WhichFilesOfCurType>
<TotalFilesOfCurType>4</TotalFilesOfCurType>
</ProducedFile_Object>
<ProducedFile_Object>
<FileName>G:\LISANS\BAHAR DONEMI\6.YARIYIL\BSM302_MİKROİŞLE. SİSTEM. VE LAB\BSM302_H04\imscp_rootv1p1p2.xsd</FileName>
<FileSize>0</FileSize>
<FileType>SCORMSupport</FileType>
<WhichFilesOfCurType>2</WhichFilesOfCurType>
<TotalFilesOfCurType>4</TotalFilesOfCurType>
</ProducedFile_Object>
<ProducedFile_Object>
<FileName>G:\LISANS\BAHAR DONEMI\6.YARIYIL\BSM302_MİKROİŞLE. SİSTEM. VE LAB\BSM302_H04\imsmd_rootv1p2p1.xsd</FileName>
<FileSize>0</FileSize>
<FileType>SCORMSupport</FileType>
<WhichFilesOfCurType>3</WhichFilesOfCurType>
<TotalFilesOfCurType>4</TotalFilesOfCurType>
</ProducedFile_Object>
<ProducedFile_Object>
<FileName>G:\LISANS\BAHAR DONEMI\6.YARIYIL\BSM302_MİKROİŞLE. SİSTEM. VE LAB\BSM302_H04\scormwrapper.js</FileName>
<FileSize>0</FileSize>
<FileType>SCORMDetectionJS</FileType>
<WhichFilesOfCurType>0</WhichFilesOfCurType>
<TotalFilesOfCurType>1</TotalFilesOfCurType>
</ProducedFile_Object>
<ProducedFile_Object>
<FileName>G:\LISANS\BAHAR DONEMI\6.YARIYIL\BSM302_MİKROİŞLE. SİSTEM. VE LAB\BSM302_H04\BSM302_H04.html</FileName>
<FileSize>0</FileSize>
<FileType>HTMLFile</FileType>
<WhichFilesOfCurType>0</WhichFilesOfCurType>
<TotalFilesOfCurType>1</TotalFilesOfCurType>
</ProducedFile_Object>
<ProducedFile_Object>
<FileName>G:\LISANS\BAHAR DONEMI\6.YARIYIL\BSM302_MİKROİŞLE. SİSTEM. VE LAB\BSM302_H04\swfobject.js</FileName>
<FileSize>0</FileSize>
<FileType>EmbededPlayerJS</FileType>
<WhichFilesOfCurType>0</WhichFilesOfCurType>
<TotalFilesOfCurType>1</TotalFilesOfCurType>
</ProducedFile_Object>
<ProducedFile_Object>
<FileName>G:\LISANS\BAHAR DONEMI\6.YARIYIL\BSM302_MİKROİŞLE. SİSTEM. VE LAB\BSM302_H04\BSM302_H04.js</FileName>
<FileSize>0</FileSize>
<FileType>HTMLJSFile</FileType>
<WhichFilesOfCurType>0</WhichFilesOfCurType>
<TotalFilesOfCurType>1</TotalFilesOfCurType>
</ProducedFile_Object>
<ProducedFile_Object>
<FileName>G:\LISANS\BAHAR DONEMI\6.YARIYIL\BSM302_MİKROİŞLE. SİSTEM. VE LAB\BSM302_H04\BSM302_H04_config.xml</FileName>
<FileSize>0</FileSize>
<FileType>FlashConfig</FileType>
<WhichFilesOfCurType>0</WhichFilesOfCurType>
<TotalFilesOfCurType>1</TotalFilesOfCurType>
</ProducedFile_Object>
<ProducedFile_Object>
<FileName>G:\LISANS\BAHAR DONEMI\6.YARIYIL\BSM302_MİKROİŞLE. SİSTEM. VE LAB\BSM302_H04\BSM302_H04_controller.swf</FileName>
<FileSize>0</FileSize>
<FileType>FlashController</FileType>
<WhichFilesOfCurType>0</WhichFilesOfCurType>
<TotalFilesOfCurType>1</TotalFilesOfCurType>
</ProducedFile_Object>
<ProducedFile_Object>
<FileName>G:\LISANS\BAHAR DONEMI\6.YARIYIL\BSM302_MİKROİŞLE. SİSTEM. VE LAB\BSM302_H04\BSM302_H04_preload.swf</FileName>
<FileSize>0</FileSize>
<FileType>FlashPreloader</FileType>
<WhichFilesOfCurType>0</WhichFilesOfCurType>
<TotalFilesOfCurType>1</TotalFilesOfCurType>
</ProducedFile_Object>
<ProducedFile_Object>
<FileName>G:\LISANS\BAHAR DONEMI\6.YARIYIL\BSM302_MİKROİŞLE. SİSTEM. VE LAB\BSM302_H04\BSM302_H04_nofp_bg.gif</FileName>
<FileSize>0</FileSize>
<FileType>FlashNoPlayerBGImage</FileType>
<WhichFilesOfCurType>0</WhichFilesOfCurType>
<TotalFilesOfCurType>1</TotalFilesOfCurType>
</ProducedFile_Object>
<ProducedFile_Object>
<FileName>G:\LISANS\BAHAR DONEMI\6.YARIYIL\BSM302_MİKROİŞLE. SİSTEM. VE LAB\BSM302_H04\ProductionInfo.xml</FileName>
<FileSize>0</FileSize>
<FileType>ProductionInfoXML</FileType>
<WhichFilesOfCurType>0</WhichFilesOfCurType>
<TotalFilesOfCurType>1</TotalFilesOfCurType>
</ProducedFile_Object>
</ProducedFiles_Array>
<OutputBasePath>G:\LISANS\BAHAR DONEMI\6.YARIYIL\BSM302_MİKROİŞLE. SİSTEM. VE LAB\BSM302_H04\</OutputBasePath>
<ProductionFormat>SWF</ProductionFormat>
<NumVideoSegments>1</NumVideoSegments>
<NumHTMLFiles>1</NumHTMLFiles>
<TotalProductionSize>0</TotalProductionSize>
<m_cf_rtRenderRangeStart>-1</m_cf_rtRenderRangeStart>
<m_cf_rtRenderRangeStop>-1</m_cf_rtRenderRangeStop>
<m_cf_strTempDir>C:\Users\DNZ\AppData\Local\Temp\</m_cf_strTempDir>
<m_cf_bWritePIPFile>0</m_cf_bWritePIPFile>
<m_cf_bDisablePIPVideo>1</m_cf_bDisablePIPVideo>
<m_cf_bWriteIndex>0</m_cf_bWriteIndex>
<m_cf_bWriteMultipleFiles>0</m_cf_bWriteMultipleFiles>
<m_cf_strHTMLTemplateName>FlashTemplate.htm</m_cf_strHTMLTemplateName>
<m_cf_HTMLAlignment>1</m_cf_HTMLAlignment>
<m_cf_bSCORMOutput>1</m_cf_bSCORMOutput>
<m_cf_bController>1</m_cf_bController>
<m_cf_bAutoPlay>1</m_cf_bAutoPlay>
<m_cf_bNumberIndexMarkers>0</m_cf_bNumberIndexMarkers>
<m_cf_bShortenIndexNames>1</m_cf_bShortenIndexNames>
<m_cf_nShortenedIndexLength>17</m_cf_nShortenedIndexLength>
<m_cf_bQuizShowFeedback>1</m_cf_bQuizShowFeedback>
<m_cf_bEMailQuizResults>0</m_cf_bEMailQuizResults>
<m_cf_bEMailIncludeScore>0</m_cf_bEMailIncludeScore>
<m_cf_bJavaScriptQuizResults>0</m_cf_bJavaScriptQuizResults>
<m_cf_bHTMLOutput>1</m_cf_bHTMLOutput>
<m_cf_SCORMVersion>0</m_cf_SCORMVersion>
<m_cf_strManifestID>ID-256E2DF3-CF90-4E93-A121-A08A7DF4DE89</m_cf_strManifestID>
<m_cf_strManifestTitle></m_cf_strManifestTitle>
<m_cf_strDuration>0:23:23.24</m_cf_strDuration>
<m_cf_strSubject></m_cf_strSubject>
<m_cf_strManifestDescription></m_cf_strManifestDescription>
<m_cf_strLanguage>tr</m_cf_strLanguage>
<m_cf_SCORMPackage>1</m_cf_SCORMPackage>
<m_cf_strSCOTitle></m_cf_strSCOTitle>
<m_cf_ProductionFormat>8</m_cf_ProductionFormat>
<m_cf_strTitle>BSM302_H04</m_cf_strTitle>
<m_cf_strAuthor></m_cf_strAuthor>
<m_cf_strCopyright></m_cf_strCopyright>
<m_cf_strDescription></m_cf_strDescription>
<m_cf_MultiFileOutputStyle>0</m_cf_MultiFileOutputStyle>
<m_cf_strVideoCompressor>Techsmith Screen Capture Codec</m_cf_strVideoCompressor>
<m_cf_bAddCaption>1</m_cf_bAddCaption>
<m_cf_bWriteCCInfo>0</m_cf_bWriteCCInfo>
<m_cf_bOverlayCaption>0</m_cf_bOverlayCaption>
<m_cf_strCaptionFontFamily>Microsoft Sans Serif</m_cf_strCaptionFontFamily>
<m_cf_bAddIPODFileToProduction>0</m_cf_bAddIPODFileToProduction>
<m_cf_bAddMP3FileToProduction>0</m_cf_bAddMP3FileToProduction>
<m_cf_bAddPPTFileToProduction>0</m_cf_bAddPPTFileToProduction>
<m_cf_strPPTFileToAddToProduction>D:\Dersler\MikroIslemciliSistemler\DersNotlari_Yeni\MCsunular\MikroislemciliSistemler-Hafta04.pptx</m_cf_strPPTFileToAddToProduction>
<m_cf_bAviEncodeAudio>1</m_cf_bAviEncodeAudio>
<m_cf_AVIFrameRate>0</m_cf_AVIFrameRate>
<m_cf_nKeyFrameRate>30</m_cf_nKeyFrameRate>
<m_cf_PIP_nKeyFrameRate>30</m_cf_PIP_nKeyFrameRate>
<m_cf_PIP_AVIFrameRate>0</m_cf_PIP_AVIFrameRate>
<m_cf_SwfPlaybackControls>2</m_cf_SwfPlaybackControls>
<m_cf_strControllerSkinName>onyx</m_cf_strControllerSkinName>
<m_cf_nSwfTargetVersion>8</m_cf_nSwfTargetVersion>
<m_cf_bSwfMatchPreloadMovieSize>0</m_cf_bSwfMatchPreloadMovieSize>
<m_cf_bSwfPauseAtStart>0</m_cf_bSwfPauseAtStart>
<m_cf_bSwfPreloadAdvanced>1</m_cf_bSwfPreloadAdvanced>
<m_cf_bSwfSingleSWF>0</m_cf_bSwfSingleSWF>
<m_cf_nSwfMainMovieLoadPercent>10</m_cf_nSwfMainMovieLoadPercent>
<m_cf_nSwfPreloadMinDisplayTime>3</m_cf_nSwfPreloadMinDisplayTime>
<m_cf_clrSwfControlColor>0x00C0C0C0</m_cf_clrSwfControlColor>
<m_cf_bSwfShowAboutBtn>1</m_cf_bSwfShowAboutBtn>
<m_cf_strSwfAboutBoxTxt>HER HAKKI SAKLIDIR ©
SAKARYA ÜNİVERSİTESİ</m_cf_strSwfAboutBoxTxt>
<m_cf_strSwfAboutBoxInfoTxt></m_cf_strSwfAboutBoxInfoTxt>
<m_cf_strSwfAboutTitle></m_cf_strSwfAboutTitle>
<m_cf_strSwfStartTxt></m_cf_strSwfStartTxt>
<m_cf_SwfAboutBoxWidth>336</m_cf_SwfAboutBoxWidth>
<m_cf_SwfAboutBoxHeight>270</m_cf_SwfAboutBoxHeight>
<m_cf_bSwfAboutBoxTabSelected>1</m_cf_bSwfAboutBoxTabSelected>
<m_cf_strSwfTimeDisplayFormat>MM:SS</m_cf_strSwfTimeDisplayFormat>
<m_cf_bSwfCCInitiallyVisible>1</m_cf_bSwfCCInitiallyVisible>
<m_cf_bSwfFullScreen>0</m_cf_bSwfFullScreen>
<m_cf_bSwfAllowResizing>0</m_cf_bSwfAllowResizing>
<m_cf_nSwfVolueme>100</m_cf_nSwfVolueme>
<m_cf_bSwfBrandContextMenu>0</m_cf_bSwfBrandContextMenu>
<m_cf_SwfTOCType>2</m_cf_SwfTOCType>
<m_cf_SwfTOCTitle></m_cf_SwfTOCTitle>
<m_cf_bSwfShowMovieDuration>1</m_cf_bSwfShowMovieDuration>
<m_cf_bSwfShowTimeElapsed>1</m_cf_bSwfShowTimeElapsed>
<m_cf_strSwfTimeFont>Arial</m_cf_strSwfTimeFont>
<m_cf_clrSwfTimeFontColor>0x00000000</m_cf_clrSwfTimeFontColor>
<m_cf_SwfEndAction>0</m_cf_SwfEndAction>
<m_cf_strSwfEndActionUrl>http://</m_cf_strSwfEndActionUrl>
<m_cf_nSwfEndActionTarget>0</m_cf_nSwfEndActionTarget>
<m_cf_bPauseAfterJump>1</m_cf_bPauseAfterJump>
<m_cf_rtJumpPoint>0</m_cf_rtJumpPoint>
<m_cf_bUseExternalConfig>0</m_cf_bUseExternalConfig>
<m_cf_bShowStartScreen>1</m_cf_bShowStartScreen>
<m_cf_bShowEndScreen>1</m_cf_bShowEndScreen>
<m_cf_clrStartColor>0x001A1A1A</m_cf_clrStartColor>
<m_cf_bLoopAtEnd>0</m_cf_bLoopAtEnd>
<m_cf_strStartCustomThumbnail>FirstFrame.png</m_cf_strStartCustomThumbnail>
<m_cf_nThumbScale>45</m_cf_nThumbScale>
<m_cf_strSwfStartLogo></m_cf_strSwfStartLogo>
<m_cf_strSwfEndLogo></m_cf_strSwfEndLogo>
<m_cf_strSwfAboutLogo></m_cf_strSwfAboutLogo>
<m_cf_strSwfAboutTitleLogo></m_cf_strSwfAboutTitleLogo>
<m_cf_strSwfTocLogo></m_cf_strSwfTocLogo>
</Production_Data>
