"|,""latitude"",""longitude"",""sicaklik"",""timestamp"""
"-LwUSCmUsXfjxoW7snaf,""40.742264"",""30.325671"",""11.972656"",""1576780750277"""
"-LwUSG_owDA-Mc3I-njY,""40.742264"",""30.325671"",""11.565755"",""1576780765878"""
"-LwUSKOfME4BoBDDwhg6,""40.742264"",""30.325671"",""14.414062"",""1576780781451"""
"-LwUSOC0uRStbqWU1MQS,""40.742264"",""30.325671"",""10.751953"",""1576780797022"""
"-LwUSS-EGvOrDj6FByHw,""40.742264"",""30.325671"",""13.193359"",""1576780812586"""
"-LwUSVnNOR8mWb3ddD08,""40.742264"",""30.325671"",""13.193359"",""1576780828186"""
"-LwUSZb5l0DCwf8lKq94,""40.742264"",""30.325671"",""12.786458"",""1576780843742"""
"-LwUScPKtijZ-LCT3fIa,""40.742264"",""30.325671"",""12.786458"",""1576780859318"""
"-LwUSgCiEaDx_0blPmZo,""40.742264"",""30.325671"",""12.379557"",""1576780874885"""
"-LwUSk5nepn9spNpPSqp,""40.742264"",""30.325671"",""9.938151"",""1576780890951"""
"-LwUSnvsjgbJXNJYz_jR,""40.742264"",""30.325671"",""9.53125"",""1576780906579"""
"-LwUSrjxZ8RFUFFdUIfU,""40.742264"",""30.325671"",""9.53125"",""1576780922141"""
"-LwUSvY9GIrqqcpyN3p5,""40.742264"",""30.325671"",""8.717448"",""1576780937732"""
"-LwUSzLr_r7hbgdScN23,""40.742264"",""30.325671"",""11.158854"",""1576780953305"""
"-LwUT2AjRYxc9qPJBqw5,""40.742264"",""30.325671"",""11.158854"",""1576780969052"""
"-LwUT6-3kSJEf1qyNljX,""40.742264"",""30.325671"",""8.717448"",""1576780984612"""
"-LwUT9nGfxy3jFGeQMeN,""40.742264"",""30.325671"",""8.310547"",""1576781000178"""
"-LwUTDaS6UZXAOp8jkD9,""40.742264"",""30.325671"",""10.751953"",""1576781015736"""
"-LwUTHOeo05L44UenwNQ,""40.742264"",""30.325671"",""10.751953"",""1576781031303"""
"-LwUTLC-0k9blB-PiUq3,""40.742264"",""30.325671"",""10.751953"",""1576781046873"""
"-LwUTP-LTvApLFv-PWt_,""40.742264"",""30.325671"",""10.345052"",""1576781062452"""
"-LwUTSnY0S-4Zwbaux4-,""40.742264"",""30.325671"",""7.496745"",""1576781078019"""
"-LwUTWaoWxkaPu1oWRqr,""40.742264"",""30.325671"",""10.345052"",""1576781093587"""
"-LwUT_QP6cQRUjghty76,""40.742264"",""30.325671"",""10.345052"",""1576781109233"""
"-LwUTdDWm_0QH9ePrNnr,""40.742264"",""30.325671"",""10.345052"",""1576781124792"""
"-LwUTh0ceqRFODkrJA1l,""40.742264"",""30.325671"",""20.110677"",""1576781140353"""
"-LwUTkomw1BvzjYk3XLz,""40.742264"",""30.325671"",""20.110677"",""1576781155925"""
"-LwUToc5AmDFfhAMGrVK,""40.742264"",""30.325671"",""13.193359"",""1576781171497"""
"-LwUTsQILXSLI9nAbcE3,""40.742264"",""30.325671"",""8.717448"",""1576781187051"""
"-LwUTwDMmRhifxQEED2o,""40.742264"",""30.325671"",""8.310547"",""1576781202609"""
"-LwUU-0Qidb49S4AMpPb,""40.742264"",""30.325671"",""7.496745"",""1576781218170"""
"-LwUU2ofY1_vz_XCmmSA,""40.742264"",""30.325671"",""10.345052"",""1576781233732"""
"-LwUU6r8_pbD3otNC-Z6,""40.742264"",""30.325671"",""10.345052"",""1576781250269"""
"-LwUUAeJRCvlT53yOZuq,""40.742264"",""30.325671"",""10.345052"",""1576781265843"""
"-LwUUESWNgnUALdevD-C,""40.742264"",""30.325671"",""9.938151"",""1576781281403"""
"-LwUUIFbJoUL_FJekeII,""40.742264"",""30.325671"",""9.938151"",""1576781296961"""
"-LwUUM2hZFmujMChGkpA,""40.742264"",""30.325671"",""9.938151"",""1576781312517"""
"-LwUUPql8BXpJhdqsQhG,""40.742264"",""30.325671"",""9.938151"",""1576781328073"""
"-LwUUTdsNVVknfokHLoc,""40.742264"",""30.325671"",""9.938151"",""1576781343641"""
"-LwUUXS9HV3qjf18ZfVP,""40.742264"",""30.325671"",""9.938151"",""1576781359202"""
"-LwUUaFM1NXUlM8L6r-E,""40.742264"",""30.325671"",""9.53125"",""1576781374831"""
"-LwUUe3VNh8oO2CbErWI,""40.742264"",""30.325671"",""9.53125"",""1576781390391"""
"-LwUUhrY0uUCYgv0RqzZ,""40.742264"",""30.325671"",""7.089844"",""1576781405953"""
"-LwUUlxKUtK52tHQtMId,""40.742264"",""30.325671"",""9.53125"",""1576781422709"""
"-LwUUpkZbQWi-S0CQXUZ,""40.742264"",""30.325671"",""9.53125"",""1576781438267"""
"-LwUUtYgCEYcMjd7-dVP,""40.742264"",""30.325671"",""9.53125"",""1576781453840"""
"-LwUUxM1m8JE4eeomcle,""40.742264"",""30.325671"",""9.53125"",""1576781469437"""
"-LwUV0AdVN1iLp21wOat,""40.742264"",""30.325671"",""6.682943"",""1576781485066"""
"-LwUV4-Z3fzwl6s2JkHc,""40.742264"",""30.325671"",""9.53125"",""1576781500811"""
"-LwUV7osCQ1S7JR_EGl2,""40.742264"",""30.325671"",""9.53125"",""1576781516371"""
"-LwUVBcS0DlcBDFyfGVD,""40.742264"",""30.325671"",""9.53125"",""1576781531957"""
"-LwUVFldvRcKflalKTDl,""40.742264"",""30.325671"",""9.53125"",""1576781548954"""
"-LwUVJ_8AeKM3v-oGiWm,""40.742264"",""30.325671"",""9.53125"",""1576781564533"""
"-LwUVNNX6dCTAeCpxXKw,""40.742264"",""30.325671"",""9.53125"",""1576781580095"""
"-LwUVRBUFM3rOfxjP3LT,""40.742264"",""30.325671"",""9.53125"",""1576781595710"""
"-LwUVUzhmKP8M3uSdYAs,""40.742264"",""30.325671"",""6.682943"",""1576781611270"""
"-LwUVYmue5acQNNP_nHi,""40.742264"",""30.325671"",""6.682943"",""1576781626842"""
"-LwUVbaUQ3uYrmFnhYIq,""40.742264"",""30.325671"",""9.53125"",""1576781642531"""
"-LwUVfQEsxDSRx_djcST,""40.742264"",""30.325671"",""6.682943"",""1576781658095"""
"-LwUVjDa0pvlJIikFGgz,""40.742264"",""30.325671"",""9.53125"",""1576781673668"""
"-LwUVn0t-oFkrD05vl_m,""40.742264"",""30.325671"",""9.53125"",""1576781689240"""
"-LwUVqpA8SwpYKtz8lEd,""40.742264"",""30.325671"",""6.682943"",""1576781704808"""
"-LwUVucNLkEnZtTwbCAC,""40.742264"",""30.325671"",""9.53125"",""1576781720370"""
"-LwUVyQd4i5Z6bE0RIPO,""40.742264"",""30.325671"",""9.53125"",""1576781735943"""
"-LwUW1DqeqDib_8TM1n2,""40.742264"",""30.325671"",""9.53125"",""1576781751507"""
"-LwUW512jFUNdAvHDenn,""40.742264"",""30.325671"",""8.717448"",""1576781767071"""
"-LwUW8pHS8FhUz591hZu,""40.742264"",""30.325671"",""8.717448"",""1576781782638"""
"-LwUWCcR-fNjCoG_2TXk,""40.742264"",""30.325671"",""8.717448"",""1576781798202"""
"-LwUWGRPTO4frhwK0rsV,""40.742264"",""30.325671"",""8.717448"",""1576781813872"""
"-LwUWKFUkqBa7Upeqs9A,""40.742264"",""30.325671"",""8.717448"",""1576781829431"""
"-LwUWO2b7X70mHB_OiHb,""40.742264"",""30.325671"",""6.682943"",""1576781844994"""
"-LwUWRqmyTAvo9dZQOPu,""40.742264"",""30.325671"",""6.682943"",""1576781860559"""
"-LwUWVgj5-YcCq0SD-6w,""40.742264"",""30.325671"",""6.682943"",""1576781876478"""
"-LwUWZXeTVPQ892pnS4v,""40.742264"",""30.325671"",""6.276042"",""1576781892043"""
"-LwUWcKsD81A1_cgbF-y,""40.742264"",""30.325671"",""6.276042"",""1576781907613"""
"-LwUWg85t_LobxXjJ7v7,""40.742264"",""30.325671"",""6.276042"",""1576781923173"""
"-LwUWjwFu2AXLtO0w2MM,""40.742264"",""30.325671"",""6.276042"",""1576781938729"""
"-LwUWnj_T4hSqz4XhATo,""40.742264"",""30.325671"",""8.717448"",""1576781954340"""
"-LwUWrYgx37rhYgLSBTO,""40.742264"",""30.325671"",""8.717448"",""1576781969924"""
"-LwUWvLh1my7YIayUnWp,""40.742264"",""30.325671"",""6.682943"",""1576781985495"""
"-LwUWz94jBEcgUlGcPkY,""40.742264"",""30.325671"",""8.717448"",""1576782001056"""
"-LwUX1xCfJnoNqA5TFEe,""40.742264"",""30.325671"",""6.276042"",""1576782016618"""
"-LwUX5kW5pwfXlIKTPV1,""40.742264"",""30.325671"",""8.717448"",""1576782032190"""
"-LwUX9YfDywSzrviKCrN,""40.742264"",""30.325671"",""8.717448"",""1576782047751"""
"-LwUXDMLiy_Qge6HVl10,""40.742264"",""30.325671"",""8.717448"",""1576782063348"""
"-LwUXH9gSVJq5EpWyuEl,""40.742264"",""30.325671"",""6.276042"",""1576782078921"""
"-LwUXKxyjCR2Y7O065r9,""40.742264"",""30.325671"",""8.717448"",""1576782094537"""
"-LwUXOlxwdbB-fahQ6GB,""40.742264"",""30.325671"",""8.717448"",""1576782110107"""
"-LwUXS_E2Nq5HRGNIvT7,""40.742264"",""30.325671"",""8.717448"",""1576782125674"""
"-LwUXWNSKXbBy6LbgwxF,""40.742264"",""30.325671"",""6.276042"",""1576782141238"""
"-LwUX_AzkFREblpfd8ZS,""40.742264"",""30.325671"",""8.717448"",""1576782156835"""
"-LwUXczYYReskkTxm6Ir,""40.742264"",""30.325671"",""8.717448"",""1576782172426"""
"-LwUXgnQLdxMzB6PTuaf,""40.742264"",""30.325671"",""8.717448"",""1576782188023"""
"-LwUXl-cvVOcIfKAXrMR,""40.742264"",""30.325671"",""8.717448"",""1576782205251"""
"-LwUXonrqsQlrJtrPHbD,""40.742264"",""30.325671"",""8.717448"",""1576782220815"""
"-LwUXsaywqi8wWFcrAyw,""40.742264"",""30.325671"",""8.717448"",""1576782236472"""
"-LwUXwQaoZqlCEnwBl9y,""40.742264"",""30.325671"",""8.717448"",""1576782252039"""
"-LwUY-DqwO4_sox4gk-E,""40.742264"",""30.325671"",""8.717448"",""1576782267604"""
"-LwUY313NDiLSMPfF46b,""40.742264"",""30.325671"",""8.717448"",""1576782283163"""
"-LwUY6pBPkRtsMCRP_Ct,""40.742264"",""30.325671"",""8.717448"",""1576782298734"""
"-LwUYAoWCLxvDUm0MXHi,""40.742264"",""30.325671"",""8.717448"",""1576782315108"""
"-LwUYEcK1_mVB0E6SDcB,""40.742264"",""30.325671"",""8.717448"",""1576782330675"""
"-LwUYIQR2AX4NcE_Vko6,""40.742264"",""30.325671"",""8.717448"",""1576782346224"""
"-LwUYMDVB4SEU7KnK-8d,""40.742264"",""30.325671"",""8.717448"",""1576782361787"""
"-LwUYQ0hVet1PrGbX2cT,""40.742264"",""30.325671"",""6.682943"",""1576782377353"""
"-LwUYTos2xJw14E2zrkd,""40.742264"",""30.325671"",""8.717448"",""1576782392911"""
"-LwUYXc6qHuVTrdZKx7a,""40.742264"",""30.325671"",""6.682943"",""1576782408529"""
"-LwUYaQwCK3ULIMI_VgF,""40.742264"",""30.325671"",""6.276042"",""1576782424080"""
"-LwUYeDvqX2lKNP10Tl4,""40.742264"",""30.325671"",""8.717448"",""1576782439631"""
"-LwUYi5z2NPAYF2xOyH1,""40.742264"",""30.325671"",""8.717448"",""1576782455523"""
"-LwUYluAufZs19xLGc0i,""40.742264"",""30.325671"",""8.717448"",""1576782471072"""
"-LwUYphCRGMMrS9MGxIM,""40.742264"",""30.325671"",""8.717448"",""1576782486635"""
"-LwUYtVLnns4q51DMevj,""40.742264"",""30.325671"",""8.717448"",""1576782502195"""
"-LwUYxIUEpxA_96MHSaB,""40.742264"",""30.325671"",""8.717448"",""1576782517764"""
"-LwUZ05mA5P5qjpjhg8A,""40.742264"",""30.325671"",""8.717448"",""1576782533324"""
"-LwUZ3tp0yilclkvTDwU,""40.742264"",""30.325671"",""8.717448"",""1576782548972"""
"-LwUZ7iLqfG43FARLodt,""40.742264"",""30.325671"",""8.717448"",""1576782564524"""
"-LwUZC1hj-y5hSmtGM2q,""40.742264"",""30.325671"",""6.276042"",""1576782582242"""
"-LwUZFqDYMaSzag3XxFM,""40.742264"",""30.325671"",""6.276042"",""1576782597801"""
"-LwUZJfA0DqztIg0HGqi,""40.742264"",""30.325671"",""8.717448"",""1576782613484"""
"-LwUZNTQ_LLGGdYIk6vq,""40.742264"",""30.325671"",""8.717448"",""1576782629097"""
"-LwUZRRMGoKiwI5GiuDm,""40.742264"",""30.325671"",""8.717448"",""1576782645488"""
"-LwUZVHLIqCp7PP5M95t,""40.742264"",""30.325671"",""6.276042"",""1576782661041"""
"-LwUZZ4YlT6C3SSFH2t2,""40.742264"",""30.325671"",""6.276042"",""1576782676669"""
"-LwUZbtgCA5467xXHpcP,""40.742264"",""30.325671"",""8.717448"",""1576782692231"""
"-LwUZfgwpRKU_6Sajsg_,""40.742264"",""30.325671"",""8.717448"",""1576782707799"""
"-LwUZjV7BLxWH73ktMUu,""40.742264"",""30.325671"",""8.717448"",""1576782723359"""
"-LwUZnICc19iyCnIUNe2,""40.742264"",""30.325671"",""8.717448"",""1576782738917"""
"-LwUZr5Du1c0n4B9fXLX,""40.742264"",""30.325671"",""5.869141"",""1576782754471"""
"-LwUZutMt99F7mLm4udC,""40.742264"",""30.325671"",""6.276042"",""1576782770032"""
"-LwUZygPlYYB6zXUbpib,""40.742264"",""30.325671"",""6.276042"",""1576782785597"""
"-LwU_1UfwbI42pyOaQWI,""40.742264"",""30.325671"",""6.276042"",""1576782801152"""
"-LwU_5HvVeQSNfx7ciWX,""40.742264"",""30.325671"",""8.717448"",""1576782816722"""
"-LwU_94tuYjDsT4cjnIq,""40.742264"",""30.325671"",""6.276042"",""1576782832278"""
"-LwU_Ct5YAEStrsh7TKJ,""40.742264"",""30.325671"",""8.717448"",""1576782847835"""
"-LwU_Gg6mn4RT5Ny99EZ,""40.742264"",""30.325671"",""8.717448"",""1576782863392"""
"-LwU_KUELtd3okEpvjKJ,""40.742264"",""30.325671"",""6.276042"",""1576782878981"""
"-LwU_OI6VaxUrAdsEzx4,""40.742264"",""30.325671"",""6.276042"",""1576782894570"""
"-LwU_S5TP1AD4btjN70P,""40.742264"",""30.325671"",""8.717448"",""1576782910138"""
"-LwU_Vta7sYAWS7aOqzJ,""40.742264"",""30.325671"",""8.717448"",""1576782925695"""
"-LwU_ZsKy-DOHsTSTD0J,""40.742264"",""30.325671"",""8.717448"",""1576782942088"""
"-LwU_cgubQUmeZeThXbS,""40.742264"",""30.325671"",""8.717448"",""1576782957651"""
"-LwU_gV6frhTr6VLtLba,""40.742264"",""30.325671"",""8.717448"",""1576782973214"""
"-LwU_kIGXMBBOX0_dHg7,""40.742264"",""30.325671"",""8.717448"",""1576782988782"""
"-LwU_o5VVHpQIU5oDRiX,""40.742264"",""30.325671"",""8.717448"",""1576783004344"""
"-LwU_rtcnklW_AkIFbXq,""40.742264"",""30.325671"",""8.717448"",""1576783019912"""
"-LwU_vgpoK9Yvl9lsbhZ,""40.742264"",""30.325671"",""6.276042"",""1576783035476"""
"-LwU_zV6rSugj_dRg1Jk,""40.742264"",""30.325671"",""8.717448"",""1576783051045"""
"-LwUa2IJN2MK4DeczLkc,""40.742264"",""30.325671"",""8.717448"",""1576783066609"""
"-LwUa65SzVdIYGVJxVOg,""40.742264"",""30.325671"",""6.276042"",""1576783082168"""
"-LwUa9tXq0EhZ54X__LD,""40.742264"",""30.325671"",""8.717448"",""1576783097732"""
"-LwUaDggNdCOCUsVKbOL,""40.742264"",""30.325671"",""6.276042"",""1576783113283"""
"-LwUaHUzBKt86Wes427r,""40.742264"",""30.325671"",""8.310547"",""1576783128861"""
"-LwUaLIIKxxP--xZiPco,""40.742264"",""30.325671"",""8.310547"",""1576783144433"""
"-LwUaP5qgVzyV31gbXhq,""40.742264"",""30.325671"",""8.310547"",""1576783160020"""
"-LwUaSuB5a3HGNQFbiCc,""40.742264"",""30.325671"",""8.310547"",""1576783175598"""
"-LwUaWqvI13smGmvJBmx,""40.742264"",""30.325671"",""8.310547"",""1576783191768"""
"-LwUa_e4DmlzNy33pmZ4,""40.742264"",""30.325671"",""8.310547"",""1576783207325"""
"-LwUadSF3eEMikzfvhy-,""40.742264"",""30.325671"",""8.310547"",""1576783222900"""
"-LwUahFWSG0VC9t3e8xd,""40.742264"",""30.325671"",""8.310547"",""1576783238459"""
"-LwUal2emBnn1RU-4TZO,""40.742264"",""30.325671"",""8.310547"",""1576783254026"""
"-LwUaoqti4lkTCnXL4bB,""40.742264"",""30.325671"",""8.310547"",""1576783269790"""
"-LwUashF62NS8Xl0H-8q,""40.742264"",""30.325671"",""8.310547"",""1576783285353"""
"-LwUawVV1b5ET2w7WNb5,""40.742264"",""30.325671"",""8.717448"",""1576783300918"""
"-LwUb-IfOcoUcAcJPlkU,""40.742264"",""30.325671"",""6.276042"",""1576783316487"""
"-LwUb35uY4587lLt--iE,""40.742264"",""30.325671"",""8.717448"",""1576783332064"""
"-LwUb6uL6d6z96o9k3JP,""40.742264"",""30.325671"",""8.717448"",""1576783347626"""
"-LwUbBCnW8cR5WuFE_8F,""40.742264"",""30.325671"",""8.717448"",""1576783365280"""
"-LwUbF0nw4ahvvIyvo_D,""40.742264"",""30.325671"",""8.310547"",""1576783380911"""
"-LwUbIpokOF355UsyiNV,""40.742264"",""30.325671"",""5.869141"",""1576783396539"""
"-LwUbMe9ig9iGwhiWHUN,""40.742264"",""30.325671"",""5.869141"",""1576783412190"""
"-LwUbQTc4Tvem6VbVztn,""40.742264"",""30.325671"",""5.869141"",""1576783427802"""
"-LwUbUHP-EqjjF-xPpZ7,""40.742264"",""30.325671"",""7.903646"",""1576783443404"""
"-LwUbY5DNUkcoMuK8TG5,""40.742264"",""30.325671"",""5.869141"",""1576783459011"""
"-LwUbauB84au7OCDbU3B,""40.742264"",""30.325671"",""8.310547"",""1576783474621"""
"-LwUbei12CQ7TvR168kx,""40.742264"",""30.325671"",""8.310547"",""1576783490224"""
"-LwUbiXOGn8_wsc8J036,""40.742264"",""30.325671"",""8.310547"",""1576783505870"""
"-LwUbmLGb5boCWoNhns7,""40.742264"",""30.325671"",""7.903646"",""1576783521474"""
"-LwUbq9E6dkSNCsXv040,""40.742264"",""30.325671"",""5.46224"",""1576783538143"""
"-LwUbuDXOJgq8-7xl2gE,""40.742264"",""30.325671"",""5.46224"",""1576783553744"""
"-LwUby1JdMAws0OuNmY4,""40.742264"",""30.325671"",""8.310547"",""1576783569349"""
"-LwUc15stmIaIXa3877k,""40.742264"",""30.325671"",""8.310547"",""1576783586019"""
"-LwUc4uGJnVXGmWnC-uV,""40.742264"",""30.325671"",""8.310547"",""1576783601580"""
"-LwUc8hK9jMxJQd8VBFA,""40.742264"",""30.325671"",""9.53125"",""1576783617133"""
"-LwUcCVR2CP5KwLuCidC,""40.742264"",""30.325671"",""8.310547"",""1576783632693"""
"-LwUcGIXE57gFHFpkkm0,""40.742264"",""30.325671"",""8.310547"",""1576783648253"""
"-LwUcK5nCFeVV_5TDoPl,""40.742264"",""30.325671"",""8.310547"",""1576783663823"""
"-LwUcNu6c8MPCp2XwhH_,""40.742264"",""30.325671"",""8.310547"",""1576783679390"""
"-LwUcRh8uSPvJ5BnP6Ko,""40.742264"",""30.325671"",""8.310547"",""1576783695032"""
"-LwUcVXFPi2JpsEnJLfR,""40.742264"",""30.325671"",""8.310547"",""1576783710708"""
"-LwUcZLtK-N4svgaJJHx,""40.742264"",""30.325671"",""8.310547"",""1576783726288"""
"-LwUcc9AEOp5L_n1t41_,""40.742264"",""30.325671"",""5.46224"",""1576783741860"""
"-LwUcfxHNNxXmG1q1Ilk,""40.742264"",""30.325671"",""8.310547"",""1576783757421"""
"-LwUcjkQOlAh6rgeBrUn,""40.742264"",""30.325671"",""8.310547"",""1576783772979"""
"-LwUcnYPQ3vLfAlHniq4,""40.742264"",""30.325671"",""5.869141"",""1576783788531"""
"-LwUcrLTxa2zE7M6-RpD,""40.742264"",""30.325671"",""6.276042"",""1576783804100"""
"-LwUcv97az9TOoY_K7a3,""40.742264"",""30.325671"",""8.310547"",""1576783819686"""
"-LwUcyxHuAUy8aAZAC5s,""40.742264"",""30.325671"",""8.310547"",""1576783835244"""
"-LwUd1krkmwcovlpbnAy,""40.742264"",""30.325671"",""8.310547"",""1576783850837"""
"-LwUd5ZPXWhDXqxbz0_a,""40.742264"",""30.325671"",""5.869141"",""1576783866421"""
"-LwUd9MVguw3sIv8-GYd,""40.742264"",""30.325671"",""8.310547"",""1576783881979"""
"-LwUdD9boUNW8cTm8G98,""40.742264"",""30.325671"",""8.310547"",""1576783897544"""
"-LwUdGxlXNWJee0iJyqL,""40.742264"",""30.325671"",""5.869141"",""1576783913097"""
"-LwUdKkl8l4bHdwYzDW5,""40.742264"",""30.325671"",""5.869141"",""1576783928646"""
"-LwUdOYnwx_5rtXq_9eW,""40.742264"",""30.325671"",""5.869141"",""1576783944202"""
"-LwUdSM1OM6Sj0bDHTWe,""40.742264"",""30.325671"",""8.310547"",""1576783959769"""
"-LwUdW90AHoTzuZf855e,""40.742264"",""30.325671"",""8.310547"",""1576783975321"""
"-LwUdZx8nK8AK18O9osv,""40.742264"",""30.325671"",""8.310547"",""1576783991006"""
"-LwUdctOtg5-fEjiIQXn,""40.742264"",""30.325671"",""8.310547"",""1576784007047"""
"-LwUdgio6G0V4te20eF3,""40.742264"",""30.325671"",""5.46224"",""1576784022739"""
"-LwUdkX53ldDdQk0qzaY,""40.742264"",""30.325671"",""8.310547"",""1576784038382"""
"-LwUdoLSeG_lTuSUQzk4,""40.742264"",""30.325671"",""8.310547"",""1576784053942"""
"-LwUds8_mbG3onw_9oUJ,""40.742264"",""30.325671"",""8.310547"",""1576784069510"""
"-LwUdvwurRd-lYA9RoLF,""40.742264"",""30.325671"",""8.310547"",""1576784085076"""
"-LwUdzkVkc_vQpZAwu4P,""40.742264"",""30.325671"",""5.46224"",""1576784100676"""
"-LwUe2YgERbhBSbEXgmy,""40.742264"",""30.325671"",""5.46224"",""1576784116227"""
"-LwUe6Lx1kNUK6U_DjaQ,""40.742264"",""30.325671"",""8.310547"",""1576784131798"""
"-LwUeA97h4P_5hWRhNu3,""40.742264"",""30.325671"",""8.310547"",""1576784147362"""
"-LwUeDxK63NvOlyRbxcs,""40.742264"",""30.325671"",""8.310547"",""1576784162924"""
"-LwUeHkL6rf4dDdl4Rum,""40.742264"",""30.325671"",""5.869141"",""1576784178483"""
"-LwUeLYWLQkK8fOeg-IE,""40.742264"",""30.325671"",""8.310547"",""1576784194038"""
"-LwUePLWi2c86Q38uHoj,""40.742264"",""30.325671"",""5.46224"",""1576784209600"""
"-LwUeT8eDEynhxIRpH_r,""40.742264"",""30.325671"",""5.46224"",""1576784225157"""
"-LwUeWy3OsnAGX9dTBi2,""40.742264"",""30.325671"",""8.310547"",""1576784240804"""
"-LwUe_lYlWEcmQ1ZwW7k,""40.742264"",""30.325671"",""8.310547"",""1576784256405"""
"-LwUed_3fLSA9IinL2Tz,""40.742264"",""30.325671"",""8.310547"",""1576784271966"""
"-LwUehNDsxUsmlc4jpcO,""40.742264"",""30.325671"",""5.869141"",""1576784287522"""
"-LwUelTQcSFANeVb6g06,""40.742264"",""30.325671"",""8.310547"",""1576784304319"""
"-LwUepIBb8WeGJYZnOsf,""40.742264"",""30.325671"",""8.310547"",""1576784320018"""
"-LwUetj16GpHrQDoxK6C,""40.742264"",""30.325671"",""7.903646"","""""
"-LwUf-z-MJHCKAbLoKcw,""40.742264"",""30.325671"",""7.903646"",""1576784367867"""
"-LwUf3nuHPPx-g2lfX76,""40.742264"",""30.325671"",""5.46224"",""1576784383509"""
"-LwUf7b08Tx6_EAe52sm,""40.742264"",""30.325671"",""7.496745"",""1576784399071"""
"-LwUfBPLDaPc_gATD-0A,""40.742264"",""30.325671"",""7.496745"",""1576784414644"""
"-LwUfFCU86yLFVHuFIGx,""40.742264"",""30.325671"",""7.496745"",""1576784430193"""
"-LwUfJ-je5g_qw2UGiJq,""40.742264"",""30.325671"",""7.496745"",""1576784445764"""
"-LwUfMnvbdUSZx0je3lU,""40.742264"",""30.325671"",""7.496745"",""1576784461326"""
"-LwUfQb-WagcwWZtHWLq,""40.742264"",""30.325671"",""7.496745"",""1576784476882"""
"-LwUfUPHvs-SX75lWMRo,""40.742264"",""30.325671"",""7.496745"",""1576784492453"""
"-LwUfYCA578QfdyS93zo,""40.742264"",""30.325671"",""5.055339"",""1576784508023"""
"-LwUfb0GyUc5iqq3BK_Z,""40.742264"",""30.325671"",""5.055339"",""1576784523620"""
"-LwUfeoCc1M2bdTGEeAx,""40.742264"",""30.325671"",""7.089844"",""1576784539264"""
"-LwUfidBZiYxmnAZ3J58,""40.742264"",""30.325671"",""7.089844"",""1576784554979"""
"-LwUfmT5AhtN_knsJxzp,""40.742264"",""30.325671"",""5.055339"",""1576784570659"""
"-LwUfqIkU6rcNhe9fu7d,""40.742264"",""30.325671"",""5.055339"",""1576784586248"""
"-LwUfu5otdYwZ3oMo0Vv,""40.742264"",""30.325671"",""7.496745"",""1576784601809"""
"-LwUfxu_gHSGC31BXO8L,""40.742264"",""30.325671"",""7.496745"",""1576784617413"""
"-LwUg0heJZTABB42r2N3,""40.742264"",""30.325671"",""5.055339"",""1576784632969"""
"-LwUg4VrfjKbu3nSQ2SU,""40.742264"",""30.325671"",""5.055339"",""1576784648535"""
"-LwUg8IytVWRelKGgs6A,""40.742264"",""30.325671"",""5.055339"",""1576784664085"""
"-LwUgC5w3IPyfcrtDNRn,""40.742264"",""30.325671"",""7.089844"",""1576784679632"""
"-LwUgG-OojfKQl9ALMHB,""40.742264"",""30.325671"",""7.089844"",""1576784695607"""
"-LwUgJn__pt2prNAl4u4,""40.742264"",""30.325671"",""7.089844"",""1576784711159"""
"-LwUgNaZpcRJE7Rdek0o,""40.742264"",""30.325671"",""7.089844"",""1576784726714"""
"-LwUgRO_795N1HM3f-x5,""40.742264"",""30.325671"",""7.089844"",""1576784742293"""
"-LwUgVC7x0vkqItgDq_3,""40.742264"",""30.325671"",""7.496745"",""1576784757854"""
"-LwUgZ-ANn6FGcsP-uUL,""40.742264"",""30.325671"",""7.496745"",""1576784773409"""
"-LwUgc7tNdqKQVxPRacA,""40.742264"",""30.325671"",""7.496745"",""1576784790350"""
"-LwUgfvtut3kK_6_3Rga,""40.742264"",""30.325671"",""5.055339"",""1576784805970"""
"-LwUgjkPwYXHHmT1Pd4F,""40.742264"",""30.325671"",""7.496745"",""1576784821636"""
"-LwUgnZqr5iY6HOU9rIK,""40.742264"",""30.325671"",""7.496745"",""1576784837203"""
"-LwUgrhkM5tzyLLsS-GN,""40.742264"",""30.325671"",""7.496745"",""1576784854151"""
"-LwUgvVhXkfu276X6iF2,""40.742264"",""30.325671"",""5.055339"",""1576784869701"""
"-LwUgzIsdgCD2Tu6baiT,""40.742264"",""30.325671"",""7.496745"",""1576784885422"""
"-LwUh28UraKT5wtBxyr0,""40.742264"",""30.325671"",""7.496745"",""1576784900997"""
"-LwUh5ws2aHlpdnbmXBR,""40.742264"",""30.325671"",""7.496745"",""1576784916575"""
"-LwUh9kEjDEC3DZuegUf,""40.742264"",""30.325671"",""7.496745"",""1576784932136"""
"-LwUhDYIvArBGNQwBh9v,""40.742264"",""30.325671"",""5.46224"",""1576784947693"""
"-LwUhHLUp0jT0R3gqgmF,""40.742264"",""30.325671"",""7.496745"",""1576784963258"""
"-LwUhL8pdDAVPq-HnJsX,""40.742264"",""30.325671"",""7.496745"",""1576784978829"""
"-LwUhOwr2bG4Tu_kDkVs,""40.742264"",""30.325671"",""7.496745"",""1576784994389"""
"-LwUhSk0mn3KGrQG5-iD,""40.742264"",""30.325671"",""5.055339"",""1576785009945"""
"-LwUhWcUl4szDoH4AThY,""40.742264"",""30.325671"",""7.496745"",""1576785028126"""
"-LwUh_z9kF2X98Ow60IU,""40.742264"",""30.325671"",""5.055339"",""1576785043680"""
"-LwUhdm7YMfcWhb8AjTX,""40.742264"",""30.325671"",""7.089844"",""1576785059227"""
"-LwUhh_5XlVOiAXOQyzV,""40.742264"",""30.325671"",""7.089844"",""1576785074777"""
"-LwUhlN4JJ-fdqPcyLe2,""40.742264"",""30.325671"",""7.089844"",""1576785090337"""
"-LwUhpAe9tv4XE5kR-LN,""40.742264"",""30.325671"",""7.089844"",""1576785105929"""
"-LwUhsyl69pW9cfDYS3t,""40.742264"",""30.325671"",""7.089844"",""1576785121476"""
"-LwUhwuH4fV8AuXg5wce,""40.742264"",""30.325671"",""7.089844"",""1576785137681"""
"-LwUi00Mbi8Y9UGatFzb,""40.742264"",""30.325671"",""7.089844"",""1576785154442"""
"-LwUi3pAL0amwmsfLZRm,""40.742264"",""30.325671"",""5.055339"",""1576785170049"""
"-LwUi7d4pbyBOFmd0Qri,""40.742264"",""30.325671"",""5.055339"",""1576785185652"""
"-LwUiBRyHLYKKpKPPdQh,""40.742264"",""30.325671"",""7.089844"",""1576785201262"""
"-LwUiFG-5mFqkXMS9hLf,""40.742264"",""30.325671"",""7.089844"",""1576785216889"""
"-LwUiJ3zOlyZ5huZc_qH,""40.742264"",""30.325671"",""7.089844"",""1576785232505"""
"-LwUiMstN58pqeNzsAz6,""40.742264"",""30.325671"",""5.055339"",""1576785248144"""
"-LwUiQhWzV7X_iQxfXSu,""40.742264"",""30.325671"",""7.496745"",""1576785263781"""
"-LwUiUX-OvNbX43OA1Jc,""40.742264"",""30.325671"",""5.055339"",""1576785279407"""
"-LwUiYKuFIthyfxQfLUe,""40.742264"",""30.325671"",""7.496745"",""1576785295020"""
"-LwUib8vwrahHlwZE1Pz,""40.742264"",""30.325671"",""7.496745"",""1576785310638"""
"-LwUiexrhdUPTD190X4E,""40.742264"",""30.325671"",""7.496745"",""1576785326251"""
"-LwUiilsPGLfYmK6rG5Y,""40.742264"",""30.325671"",""7.089844"",""1576785341890"""
"-LwUimafxV0DDZpz7blT,""40.742264"",""30.325671"",""7.496745"",""1576785357537"""
"-LwUiqPaEs0i_sY4VzDv,""40.742264"",""30.325671"",""7.089844"",""1576785376660"""
"-LwUiv4runhszgN0OZGP,""40.742264"",""30.325671"",""7.089844"",""1576785392296"""
"-LwUiytru_EcIMtjoKsp,""40.742264"",""30.325671"",""7.089844"",""1576785407918"""
"-LwUj1hxMdaxP6cgPore,""40.742264"",""30.325671"",""7.089844"",""1576785423549"""
"-LwUj5mv7ZAdaWmzeCYq,""40.742264"",""30.325671"",""7.089844"",""1576785440297"""
"-LwUj9beeeT2wW4fKbEX,""40.742264"",""30.325671"",""6.682943"",""1576785455903"""
"-LwUjDQgfXqtg7WJOcrH,""40.742264"",""30.325671"",""7.089844"",""1576785471578"""
"-LwUjHFSJeluup74tRIe,""40.742264"",""30.325671"",""7.089844"",""1576785487158"""
"-LwUjL2d_1qJfkHCL0jj,""40.742264"",""30.325671"",""7.089844"",""1576785503824"""
"-LwUjPPz4cyiKWQUh7SM,""40.742264"",""30.325671"",""4.648438"",""1576785520733"""
"-LwUjTF8xqymJPLX7Gge,""40.742264"",""30.325671"",""4.648438"",""1576785536287"""
"-LwUjX2EgKhJtOi8LjuK,""40.742264"",""30.325671"",""7.089844"",""1576785551843"""
"-LwUj_qBmgVuvGNS3oNh,""40.742264"",""30.325671"",""7.089844"",""1576785567394"""
"-LwUjdtaSnmt2xVlhb4J,""40.742264"",""30.325671"",""7.089844"",""1576785583993"""
"-LwUjhgXKfX-sfuAV8Mi,""40.742264"",""30.325671"",""4.648438"",""1576785599554"""
"-LwUjlVpGJ3Ql4izA33r,""40.742264"",""30.325671"",""7.089844"",""1576785615226"""
"-LwUjpKjXctFM4Y_Caqk,""40.742264"",""30.325671"",""6.682943"",""1576785631122"""
"-LwUjtIBh3FPKNazrgh7,""40.742264"",""30.325671"",""6.682943"",""1576785647397"""
"-LwUjxBGSQwki_fCg41k,""40.742264"",""30.325671"",""4.648438"",""1576785663284"""
"-LwUk02dqvi0Vrq6SGD0,""40.742264"",""30.325671"",""6.682943"",""1576785678858"""
"-LwUk3qyOa88MaxLXbcU,""40.742264"",""30.325671"",""6.682943"",""1576785694421"""
"-LwUk7dzAi4pnLjd9G4l,""40.742264"",""30.325671"",""6.682943"",""1576785709973"""
"-LwUkBS1OqAMCcvV6M9R,""40.742264"",""30.325671"",""6.682943"",""1576785725538"""
"-LwUkFFFHCOAPIjFKlRX,""40.742264"",""30.325671"",""7.089844"",""1576785741092"""
"-LwUkJ2J1O95E_kJHZgr,""40.742264"",""30.325671"",""7.089844"",""1576785756655"""
"-LwUkMqPkZsMx8N5z_Mh,""40.742264"",""30.325671"",""7.089844"",""1576785772208"""
"-LwUkQdNh7v5JCXc577o,""40.742264"",""30.325671"",""4.648438"",""1576785787754"""
"-LwUkURIkRFp0C6k59RG,""40.742264"",""30.325671"",""4.648438"",""1576785804326"""
"-LwUkYUPfCjPvPNm_egS,""40.742264"",""30.325671"",""4.648438"",""1576785820091"""
"-LwUkbKywkODejEtFO4c,""40.742264"",""30.325671"",""4.648438"",""1576785835674"""
"-LwUkf80mQgNsaoolqS0,""40.742264"",""30.325671"",""6.682943"",""1576785851231"""
"-LwUkiw9L_fh_y44ir6d,""40.742264"",""30.325671"",""6.682943"",""1576785866792"""
"-LwUkn0Cp_87dVPrq2q7,""40.742264"",""30.325671"",""6.682943"",""1576785883633"""
"-LwUkqqT5DcCxtvc-WI8,""40.742264"",""30.325671"",""4.648438"",""1576785899191"""
"-LwUkudcWeawI7K7fWMD,""40.742264"",""30.325671"",""6.682943"",""1576785914758"""
"-LwUkyYXHVogQbB9mcPy,""40.742264"",""30.325671"",""6.682943"",""1576785930761"""
"-LwUl1LtUhjLYuf-H52P,""40.742264"",""30.325671"",""6.682943"",""1576785948140"""
"-LwUl5aUZ-_IZUIfnkLB,""40.742264"",""30.325671"",""6.682943"",""1576785963705"""
"-LwUl9OaykaroQ_TQsBi,""40.742264"",""30.325671"",""6.682943"",""1576785979259"""
"-LwUlDBj9Mgc3sc6Jm9O,""40.742264"",""30.325671"",""4.648438"",""1576785994823"""
"-LwUlH09rs8VOqhEYlo0,""40.742264"",""30.325671"",""7.089844"",""1576786010464"""
"-LwUlKpISLCf6zoq4Hyb,""40.742264"",""30.325671"",""7.089844"",""1576786026090"""
"-LwUlOwcYN9dvyIykTSe,""40.742264"",""30.325671"",""6.682943"",""1576786042955"""
"-LwUlSjq3bbgslReZUkY,""40.742264"",""30.325671"",""6.682943"",""1576786058515"""
"-LwUlW_T3JPwlNrmkXHS,""40.742264"",""30.325671"",""6.682943"",""1576786074236"""
"-LwUl_Nk4ixsPp2IGEo1,""40.742264"",""30.325671"",""6.682943"",""1576786089865"""
"-LwUldBrCa6gkYEbzd-t,""40.742264"",""30.325671"",""6.682943"",""1576786106432"""
"-LwUlhFM_uD5NZqIFGmu,""40.742264"",""30.325671"",""4.648438"",""1576786122041"""
"-LwUll2Z95WA9Olqh-8O,""40.742264"",""30.325671"",""4.648438"",""1576786137606"""
"-LwUloqvvyZQT0fu9pWb,""40.742264"",""30.325671"",""6.682943"",""1576786153171"""
"-LwUlseJFCvs8me7bbQN,""40.742264"",""30.325671"",""7.089844"",""1576786168745"""
"-LwUlwSLoU9uMztGF6sV,""40.742264"",""30.325671"",""7.089844"",""1576786184298"""
"-LwUm-FNn4kQUGG-sY5G,""40.742264"",""30.325671"",""7.089844"",""1576786199868"""
"-LwUm32vkQJFZ3x5apFW,""40.742264"",""30.325671"",""4.648438"",""1576786215441"""
"-LwUm7Dojyjgyh21yRqP,""40.742264"",""30.325671"",""7.089844"",""1576786232555"""
"-LwUmB1NzyEc4TSiJ0vT,""40.742264"",""30.325671"",""4.648438"",""1576786248113"""
"-LwUmEpXQx-EojFYkhiO,""40.742264"",""30.325671"",""7.089844"",""1576786263675"""
"-LwUmIv6lA4DFBmoMeAt,""40.742264"",""30.325671"",""7.089844"",""1576786280436"""
"-LwUmMib_1c6Phz2IM87,""40.742264"",""30.325671"",""4.648438"",""1576786295999"""
"-LwUmQWfIaKByOGScZvk,""40.742264"",""30.325671"",""4.648438"",""1576786311672"""
"-LwUmULldAbYUGG7f4j5,""40.742264"",""30.325671"",""7.089844"",""1576786327240"""
"-LwUmY8qOrsOnB0HIWO6,""40.742264"",""30.325671"",""7.089844"",""1576786342801"""
"-LwUmax-mwgicjfw_M8o,""40.742264"",""30.325671"",""7.089844"",""1576786358356"""
"-LwUmelLrAi8UzbtBxBw,""40.742264"",""30.325671"",""7.089844"",""1576786373994"""
"-LwUmia2gGSf_x9I6u0w,""40.742264"",""30.325671"",""4.648438"",""1576786389782"""
"-LwUmmQ3PQFmzYwy4pnW,""40.742264"",""30.325671"",""7.089844"",""1576786405343"""
"-LwUmqDCd9FkuUPSjiRM,""40.742264"",""30.325671"",""7.089844"",""1576786420907"""
"-LwUmu0UlFrkWFaUsETu,""40.742264"",""30.325671"",""4.648438"",""1576786436487"""
"-LwUmxouoQsGnzApdZuh,""40.742264"",""30.325671"",""7.089844"",""1576786452056"""
"-LwUn0c51c8TAAy0Hj82,""40.742264"",""30.325671"",""6.682943"",""1576786467632"""
"-LwUn4QRmZzUm_MgToo6,""40.742264"",""30.325671"",""6.682943"",""1576786483186"""
"-LwUn8ZGEL4zp9DnB6wM,""40.742264"",""30.325671"",""4.648438"",""1576786500188"""
"-LwUnCNA-27nrOD8KpYT,""40.742264"",""30.325671"",""6.682943"",""1576786515750"""
"-LwUnGAGxjQ6BoiDNyqI,""40.742264"",""30.325671"",""6.682943"",""1576786531310"""
"-LwUnJyePxXk-NtZdVrZ,""40.742264"",""30.325671"",""6.682943"",""1576786546886"""
"-LwUnNlnk20L8ibVZ2yQ,""40.742264"",""30.325671"",""6.682943"",""1576786562442"""
"-LwUnRZsdSPrVyLYk_QW,""40.742264"",""30.325671"",""4.648438"",""1576786578270"""
"-LwUnVRygxLzx96Deinh,""40.742264"",""30.325671"",""6.682943"",""1576786593876"""
"-LwUnZF1rJ_Yxh1e4zMv,""40.742264"",""30.325671"",""4.648438"",""1576786609441"""
"-LwUnc2AYTqzwdgM2aP2,""40.742264"",""30.325671"",""4.648438"",""1576786624994"""
"-LwUnfqBX-JjS9rwzRts,""40.742264"",""30.325671"",""4.648438"",""1576786640565"""
"-LwUnjdWIB26shsRfvHb,""40.742264"",""30.325671"",""6.682943"",""1576786656120"""
"-LwUnnRpEZISCH18XZuM,""40.742264"",""30.325671"",""7.089844"",""1576786671693"""
"-LwUnrEq-hq714IDgJBC,""40.742264"",""30.325671"",""7.089844"",""1576786687252"""
"-LwUnv29cAUfZLtFi5IG,""40.742264"",""30.325671"",""7.089844"",""1576786702826"""
"-LwUnyqRAKL4pg9sqKHk,""40.742264"",""30.325671"",""7.089844"",""1576786718384"""
"-LwUo1eBbZnfRJ76Ms03,""40.742264"",""30.325671"",""5.055339"",""1576786734096"""
"-LwUo5TzahuizxJrAGUj,""40.742264"",""30.325671"",""7.089844"",""1576786749655"""
"-LwUo9H2hLKPUfQW1Wqx,""40.742264"",""30.325671"",""4.648438"",""1576786765218"""
"-LwUoD4Xc20rKjdyDSJy,""40.742264"",""30.325671"",""4.648438"",""1576786780793"""
"-LwUoGsfASGyk0iO_jff,""40.742264"",""30.325671"",""7.089844"",""1576786796355"""
"-LwUoKfhu2-O7s_7r96J,""40.742264"",""30.325671"",""7.089844"",""1576786811906"""
"-LwUoOTef9QQNQyHpKv-,""40.742264"",""30.325671"",""5.055339"",""1576786827461"""
"-LwUoSGoH-cZ5FKF0reu,""40.742264"",""30.325671"",""5.055339"",""1576786843022"""
"-LwUoW459Bnmkk4Sp2zs,""40.742264"",""30.325671"",""5.055339"",""1576786859270"""
"-LwUo_1nZD33RDMPth-u,""40.742264"",""30.325671"",""7.089844"",""1576786875142"""
"-LwUocui165Z3_8en-yO,""40.742264"",""30.325671"",""5.055339"",""1576786890693"""
"-LwUoghkD7xl-gHr03F6,""40.742264"",""30.325671"",""7.089844"",""1576786906248"""
"-LwUokWICbQGFWiIGjbl,""40.742264"",""30.325671"",""5.055339"",""1576786921889"""
"-LwUooLsWvUhjIFnZ5vy,""40.742264"",""30.325671"",""7.089844"",""1576786937556"""
"-LwUos93U14BX0J_vg7T,""40.742264"",""30.325671"",""7.089844"",""1576786953147"""
"-LwUowGxWQnhYgdCMyRU,""40.742264"",""30.325671"",""5.055339"",""1576786970003"""
"-LwUp-3yKEeXpGK6zBvR,""40.742264"",""30.325671"",""5.055339"",""1576786985566"""
"-LwUp2sCzLsqFVb-yPpd,""40.742264"",""30.325671"",""7.089844"",""1576787001130"""
"-LwUp7MLm5xvb23pb1by,""40.742264"",""30.325671"",""7.089844"",""1576787019535"""
"-LwUpBAKZ_4fGRKAaZiO,""40.742264"",""30.325671"",""5.055339"",""1576787035146"""
"-LwUpFKB3ltOEjcFCXrX,""40.742264"",""30.325671"",""7.089844"",""1576787052159"""
"-LwUpJ82m4W-M7_6-zXc,""40.742264"",""30.325671"",""5.055339"",""1576787067764"""
"-LwUpMwvQgFGabTrgASb,""40.742264"",""30.325671"",""7.089844"",""1576787083424"""
"-LwUpQoLBfDKNXeG9MJW,""40.742264"",""30.325671"",""7.089844"",""1576787099220"""
"-LwUpUcQ2xfYGBKiXv4e,""40.742264"",""30.325671"",""7.089844"",""1576787114828"""
"-LwUpYRWwN40uhbyoviH,""40.742264"",""30.325671"",""5.055339"",""1576787130449"""
"-LwUpbFwUaaXZZfmmvlg,""40.742264"",""30.325671"",""5.055339"",""1576787146090"""
"-LwUpf46Pf00A8nOjVrm,""40.742264"",""30.325671"",""7.089844"",""1576787161718"""
"-LwUpisuOutVL4QDLq1v,""40.742264"",""30.325671"",""7.089844"",""1576787177318"""
"-LwUpmghxMTYkbEHBTOG,""40.742264"",""30.325671"",""7.089844"",""1576787192926"""
"-LwUpqVb48nTFMJW4XUa,""40.742264"",""30.325671"",""7.089844"",""1576787208547"""
"-LwUpuKfE9mZ64xYiWWm,""40.742264"",""30.325671"",""7.089844"",""1576787224280"""
"-LwUpy9xzx4dBf_FGbhW,""40.742264"",""30.325671"",""5.055339"",""1576787239967"""
"-LwUq0zc-8ZmzZOWyJ37,""40.742264"",""30.325671"",""5.055339"",""1576787255707"""
"-LwUq4pns8Ah_x6GVbPq,""40.742264"",""30.325671"",""7.089844"",""1576787271339"""
"-LwUq8dgpZLtPoVunzDJ,""40.742264"",""30.325671"",""5.055339"",""1576787286938"""
"-LwUqCSW7VsKXcR-hkTP,""40.742264"",""30.325671"",""6.682943"",""1576787302546"""
"-LwUqGGGecNvgMhaqmnx,""40.742264"",""30.325671"",""5.055339"",""1576787318146"""
"-LwUqK459sWp1L4U1xcy,""40.742264"",""30.325671"",""7.089844"",""1576787333747"""
"-LwUqNsrP3t_gVUgAPR3,""40.742264"",""30.325671"",""7.089844"",""1576787349350"""
"-LwUqRgcU0E9tJtHNy9G,""40.742264"",""30.325671"",""6.682943"",""1576787364957"""
"-LwUqVVchyNn9DZqZej5,""40.742264"",""30.325671"",""5.055339"",""1576787380570"""
"-LwUqZJVExPsm7YQdPXT,""40.742264"",""30.325671"",""5.055339"",""1576787397358"""
"-LwUqcROBaizkTkxS-jl,""40.742264"",""30.325671"",""7.089844"",""1576787413065"""
"-LwUqgFHPigiRoeILLId,""40.742264"",""30.325671"",""7.089844"",""1576787428683"""
"-LwUqk3KN5rpr6W6ChMe,""40.742264"",""30.325671"",""7.089844"",""1576787444294"""
"-LwUqnsy9Vlnrw-kUbYZ,""40.742264"",""30.325671"",""7.089844"",""1576787459954"""
"-LwUqrgueoqsNRsNvzV2,""40.742264"",""30.325671"",""4.648438"",""1576787475574"""
"-LwUqvVwXnRX567k_tMv,""40.742264"",""30.325671"",""7.089844"",""1576787491180"""
"-LwUqzKTwTGNWfdhJXyV,""40.742264"",""30.325671"",""6.682943"",""1576787506831"""
"-LwUr2D5ReFLoCA_v55A,""40.742264"",""30.325671"",""4.648438"",""1576787522764"""
"-LwUr62GM9JqJfbUyuR5,""40.742264"",""30.325671"",""7.089844"",""1576787538433"""
"-LwUr9r5zOPM-Qq_ia-w,""40.742264"",""30.325671"",""7.089844"",""1576787554037"""
"-LwUrDew8T4A0dig3H1d,""40.742264"",""30.325671"",""4.648438"",""1576787569649"""
"-LwUrHX51Ebq_s49Uvf_,""40.742264"",""30.325671"",""4.648438"",""1576787585592"""
"-LwUrLOnbdgNhKY6Cz3G,""40.742264"",""30.325671"",""4.648438"",""1576787601647"""
"-LwUrPHuEFEpaj0zycYp,""40.742264"",""30.325671"",""7.089844"",""1576787617259"""
"-LwUrTnGGQTqPSjENftc,""40.742264"",""30.325671"",""7.089844"",""1576787635714"""
"-LwUrXsDU__MTyuDsRhr,""40.742264"",""30.325671"",""7.089844"",""1576787652441"""
"-LwUragWxSQLU_1XmngT,""40.742264"",""30.325671"",""7.089844"",""1576787668053"""
"-LwUreVVeYOW9LEzAkUW,""40.742264"",""30.325671"",""7.089844"",""1576787683669"""
"-LwUriJXzNL5CHM7Qnu7,""40.742264"",""30.325671"",""4.648438"",""1576787699289"""
"-LwUrm7lquMxr6mLQzrO,""40.742264"",""30.325671"",""7.089844"",""1576787714915"""
"-LwUrpxfEMNY_RybFst-,""40.742264"",""30.325671"",""4.648438"",""1576787730755"""
"-LwUrtpO91Xl8zkVPzWP,""40.742264"",""30.325671"",""4.648438"",""1576787746608"""
"-LwUrxlTiTQo9u_nfPdf,""40.742264"",""30.325671"",""4.648438"",""1576787763239"""
"-LwUs0mox67lA68yMwaL,""40.742264"",""30.325671"",""4.648438"",""1576787779124"""
"-LwUs4fuRu52PTPWshoh,""40.742264"",""30.325671"",""7.089844"",""1576787795195"""
"-LwUs8pmqc8Op7kosYH9,""40.742264"",""30.325671"",""7.089844"",""1576787812003"""
"-LwUsCdr-0Y8HqldwlOj,""40.742264"",""30.325671"",""7.089844"",""1576787827817"""
"-LwUsGVt93SRyAS2J08z,""40.742264"",""30.325671"",""7.089844"",""1576787843441"""
"-LwUsKK8HG6slcc0Bas0,""40.742264"",""30.325671"",""4.648438"",""1576787859070"""
"-LwUsO85VhdZBrAn42gW,""40.742264"",""30.325671"",""4.648438"",""1576787874696"""
"-LwUsRzY2c9OdaXotqVh,""40.742264"",""30.325671"",""7.089844"",""1576787890678"""
"-LwUsW9laHwgsiTLkU5_,""40.742264"",""30.325671"",""7.089844"",""1576787909442"""
"-LwUs_R9hyihwajQtCoY,""40.742264"",""30.325671"",""7.089844"",""1576787925053"""
"-LwUsdL0cYBi29Yu7l9w,""40.742264"",""30.325671"",""5.055339"",""1576787941664"""
"-LwUshSTuHsUdrZ-498c,""40.742264"",""30.325671"",""7.089844"",""1576787958058"""
"-LwUslJxDEdJzyW2Psdw,""40.742264"",""30.325671"",""7.089844"",""1576787973745"""
"-LwUspB9pi0ni0rjJj27,""40.742264"",""30.325671"",""7.089844"",""1576787990108"""
"-LwUsvMfqgtzVAqry7be,""40.742264"",""30.325671"",""7.089844"","""""
"-LwUsyj0M0pfs8zYcEtt,""40.742264"",""30.325671"",""7.089844"",""1576788028627"""
"-LwUt1WxKufJgAg4jCgn,""40.742264"",""30.325671"",""7.089844"",""1576788045673"""
"-LwUt5qQQhdi02yIkJvj,""40.742264"",""30.325671"",""7.089844"",""1576788066273"""
"-LwUtD368wIBcFL6vm6d,""40.742264"",""30.325671"",""7.089844"",""1576788091565"""
"-LwUtGtqloRtU5ru760X,""40.742264"",""30.325671"",""7.089844"",""1576788107272"""
"-LwUtL-e0_DxCkni82SW,""40.742264"",""30.325671"",""7.089844"",""1576788124152"""
"-LwUtOr14erK3J26iQ8o,""40.742264"",""30.325671"",""4.648438"",""1576788139762"""
"-LwUtSevB08C9vtKOGRC,""40.742264"",""30.325671"",""7.089844"",""1576788155599"""
"-LwUtW_aQR7tc7pOLkGi,""40.742264"",""30.325671"",""7.089844"",""1576788171416"""
"-LwUt_SdZyl0jUDAV9hR,""40.742264"",""30.325671"",""7.089844"",""1576788187298"""
"-LwUtdGhP6jOYCp8Xl4j,""40.742264"",""30.325671"",""7.089844"",""1576788202920"""
"-LwUth4gt8a8iXUNusBl,""40.742264"",""30.325671"",""7.089844"",""1576788218525"""
"-LwUtktVH7QHAa_QIfLB,""40.742264"",""30.325671"",""5.055339"",""1576788234142"""
"-LwUtoj9bsRXTZw0mqDM,""40.742264"",""30.325671"",""7.089844"",""1576788250248"""
"-LwUtsdHrr13HhsMnKyK,""40.742264"",""30.325671"",""7.089844"",""1576788265865"""
"-LwUtwSEwLiLElu_9FqR,""40.742264"",""30.325671"",""5.055339"",""1576788281475"""
"-LwUu-H3IHYnksmgjatD,""40.742264"",""30.325671"",""5.055339"",""1576788297169"""
"-LwUu35NaXYhjNU1y5aZ,""40.742264"",""30.325671"",""7.089844"",""1576788312776"""
"-LwUu6uH_605DkCCiXMF,""40.742264"",""30.325671"",""7.089844"",""1576788328761"""
"-LwUuApvyUkOA-Mddu08,""40.742264"",""30.325671"",""7.089844"",""1576788344587"""
"-LwUuEg7dt8ClYXtJE_f,""40.742264"",""30.325671"",""7.089844"",""1576788360251"""
"-LwUuIV0klPYgCoA2k8n,""40.742264"",""30.325671"",""5.055339"",""1576788375877"""
"-LwUuMLRbnPRC_iVrZQE,""40.742264"",""30.325671"",""5.055339"",""1576788391632"""
"-LwUuQB-242wAgkyHtzN,""40.742264"",""30.325671"",""7.089844"",""1576788407344"""
"-LwUuUJFiBBJkRCQsj8S,""40.742264"",""30.325671"",""7.089844"",""1576788424408"""
"-LwUuYCV6dIAolHDES7s,""40.742264"",""30.325671"",""4.648438"",""1576788440207"""
"-LwUub0LllUfpBvNM5c_,""40.742264"",""30.325671"",""7.089844"",""1576788455839"""
"-LwUuerBgsfVGKMN_HtK,""40.742264"",""30.325671"",""7.089844"",""1576788471552"""
"-LwUuifUPmnhE7s0EBTa,""40.742264"",""30.325671"",""7.089844"",""1576788487283"""
"-LwUumXn4O-cG0SnY7SO,""40.742264"",""30.325671"",""7.089844"",""1576788503040"""
"-LwUuqPOC0WOkExkYMdU,""40.742264"",""30.325671"",""7.089844"",""1576788518919"""
"-LwUuuEgPrG_lYE7TDGE,""40.742264"",""30.325671"",""7.089844"",""1576788535864"""
"-LwUuyO-Bp2cDhUAw2P-,""40.742264"",""30.325671"",""5.055339"",""1576788551538"""
"-LwUv1Cn488LfK_GM5x8,""40.742264"",""30.325671"",""4.648438"",""1576788567219"""
"-LwUv50tHSxa_tEjmoDr,""40.742264"",""30.325671"",""7.089844"",""1576788582822"""
"-LwUv9XOB9lFE7IU3OLs,""40.742264"",""30.325671"",""7.089844"",""1576788601332"""
"-LwUvDM0y93QNlw4p5s_,""40.742264"",""30.325671"",""5.055339"",""1576788617122"""
"-LwUvHCbZsqKMeAPw7AG,""40.742264"",""30.325671"",""7.089844"",""1576788632781"""
"-LwUvL1TDIvCt3Xyk0zW,""40.742264"",""30.325671"",""7.089844"",""1576788649810"""
"-LwUvPBNJVqzmwfNIdaM,""40.742264"",""30.325671"",""4.648438"",""1576788665416"""
"-LwUvT-CyGeTPtdfKiJo,""40.742264"",""30.325671"",""7.089844"",""1576788681034"""
"-LwUvWoCEpn07JqZ6piM,""40.742264"",""30.325671"",""4.648438"",""1576788696636"""
"-LwUv_bxa3iEPOsDloLs,""40.742264"",""30.325671"",""7.089844"",""1576788712239"""
"-LwUvdQrtA1TqBc-QqoS,""40.742264"",""30.325671"",""7.089844"",""1576788727846"""
"-LwUvhEjXpz73cqONQAO,""40.742264"",""30.325671"",""7.089844"",""1576788743455"""
"-LwUvl2ZYUcCnQBtKjoY,""40.742264"",""30.325671"",""7.089844"",""1576788759068"""
"-LwUvorVTtnYr2AXJBhb,""40.742264"",""30.325671"",""5.055339"",""1576788774901"""
"-LwUvskd7WLZ52KjF73u,""40.742264"",""30.325671"",""7.089844"",""1576788790729"""
"-LwUvwaFv9cUFsRTE6z9,""40.742264"",""30.325671"",""7.089844"",""1576788806344"""
"-LwUw-R_g_sDnj-uFIqT,""40.742264"",""30.325671"",""7.089844"",""1576788822104"""
"-LwUw3FSedxyBPs2BcQ2,""40.742264"",""30.325671"",""5.055339"",""1576788837706"""
"-LwUw73G9slBSFQOaXY6,""40.742264"",""30.325671"",""7.089844"",""1576788853324"""
"-LwUwAsEfcDyjoATf2sT,""40.742264"",""30.325671"",""5.055339"",""1576788868988"""
"-LwUwF-5PLAIQucOj4WW,""40.742264"",""30.325671"",""4.648438"",""1576788885825"""
"-LwUwIo6LHAdIC-fCsFC,""40.742264"",""30.325671"",""5.055339"",""1576788901446"""
"-LwUwMc5233xPLrFBOip,""40.742264"",""30.325671"",""5.055339"",""1576788917043"""
"-LwUwQQtiQSzwz_7BqdX,""40.742264"",""30.325671"",""7.089844"",""1576788932648"""
"-LwUwUEjs_tn-uQZHc0k,""40.742264"",""30.325671"",""7.089844"",""1576788948258"""
"-LwUwY2n0TlZje5uChgk,""40.742264"",""30.325671"",""7.089844"",""1576788963882"""
"-LwUwas2Ls8L1pRBlPbl,""40.742264"",""30.325671"",""4.648438"",""1576788979517"""
"-LwUweoYhBgGK7ZQTAiu,""40.742264"",""30.325671"",""5.055339"",""1576788995996"""
"-LwUwihYiZ5V0bXtyLIe,""40.742264"",""30.325671"",""4.648438"",""1576789011604"""
"-LwUwmWViDe6A-OgVgnK,""40.742264"",""30.325671"",""7.089844"",""1576789027218"""
"-LwUwqKTdsXAb3BgtHOY,""40.742264"",""30.325671"",""7.089844"",""1576789042894"""
"-LwUwuAK64rEGQvl47wr,""40.742264"",""30.325671"",""7.089844"",""1576789058574"""
"-LwUwxzKIqn6meIJ74Bm,""40.742264"",""30.325671"",""7.089844"",""1576789074183"""
"-LwUx0nF4MCrPsYZlNkw,""40.742264"",""30.325671"",""7.089844"",""1576789089804"""
"-LwUx4bN8KAv1CCszeE3,""40.742264"",""30.325671"",""7.089844"",""1576789105420"""
"-LwUx8RfvU-LMtDtxwd4,""40.742264"",""30.325671"",""6.682943"",""1576789121134"""
"-LwUxCFoVGvHY4VvJka0,""40.742264"",""30.325671"",""4.648438"",""1576789136743"""
"-LwUxG419A0GqMpYklJo,""40.742264"",""30.325671"",""7.089844"",""1576789152374"""
"-LwUxJt-pP2_UicUrnFy,""40.742264"",""30.325671"",""7.089844"",""1576789167992"""
"-LwUxNh0mUEKMqtaDgpB,""40.742264"",""30.325671"",""7.089844"",""1576789183607"""
"-LwUxRVwLI8PoFibYAaX,""40.742264"",""30.325671"",""7.089844"",""1576789199211"""
"-LwUxVK122JJjPWRJxrQ,""40.742264"",""30.325671"",""7.089844"",""1576789214838"""
"-LwUxZ7vDkAzXwiTq5na,""40.742264"",""30.325671"",""7.089844"",""1576789230440"""
"-LwUxbwhu3RwNGt1e8aV,""40.742264"",""30.325671"",""6.682943"",""1576789246044"""
"-LwUxfkZnfB_3jdkjsXI,""40.742264"",""30.325671"",""6.682943"",""1576789261660"""
"-LwUxjZXvWKyv9W0A-XE,""40.742264"",""30.325671"",""6.682943"",""1576789277284"""
"-LwUxnNsBQc3aBmcuJjZ,""40.742264"",""30.325671"",""6.682943"",""1576789292907"""
"-LwUxrMYCUrEMWiQz2JD,""40.742264"",""30.325671"",""6.682943"",""1576789309553"""
"-LwUxvHbjtR50gYJBmuN,""40.742264"",""30.325671"",""6.682943"",""1576789325303"""
"-LwUxzFc2poaSLDs6vz-,""40.742264"",""30.325671"",""6.682943"",""1576789342177"""
"-LwUy2KeaRwir7UX-eJe,""40.742264"",""30.325671"",""6.682943"",""1576789359755"""
"-LwUy6Xvrm5CPQNoPOz0,""40.742264"",""30.325671"",""4.648438"",""1576789375473"""
"-LwUyAO9j_DNTUincYn1,""40.742264"",""30.325671"",""3.834635"",""1576789391350"""
"-LwUyEEZvLVG8TWesysJ,""40.742264"",""30.325671"",""6.682943"",""1576789406998"""
"-LwUyI2X6M0oP4G4TqMm,""40.742264"",""30.325671"",""6.682943"",""1576789422611"""
"-LwUyLrK0ufjKn4Sfd6s,""40.742264"",""30.325671"",""6.682943"",""1576789438240"""
"-LwUyPfcHhACVAYiJWHD,""40.742264"",""30.325671"",""6.682943"",""1576789453887"""
"-LwUyTYZ0qGTtOUfRJPD,""40.742264"",""30.325671"",""6.682943"",""1576789470544"""
"-LwUyXZzdb-HoscmTeWZ,""40.742264"",""30.325671"",""4.648438"",""1576789486305"""
"-LwUyaTgc-nOcQO6I50f,""40.742264"",""30.325671"",""6.682943"",""1576789502252"""
"-LwUyePCQiMRar_6LOyo,""40.742264"",""30.325671"",""6.682943"",""1576789518411"""
"-LwUyiFFS_foFfVx9LNU,""40.742264"",""30.325671"",""3.427734"",""1576789534016"""
"-LwUym3ZHSZh9opmkwZF,""40.742264"",""30.325671"",""6.682943"",""1576789549654"""
"-LwUypsS2G1srkuPSQxc,""40.742264"",""30.325671"",""6.682943"",""1576789565263"""
"-LwUytgJ-2gibSuKs05T,""40.742264"",""30.325671"",""3.834635"",""1576789580870"""
"-LwUyxVDKXIGqQeSOyXk,""40.742264"",""30.325671"",""6.682943"",""1576789596479"""
"-LwUz0J4D6twEVfGgvpP,""40.742264"",""30.325671"",""3.427734"",""1576789612217"""
"-LwUz49JfJaFtJVJYJ-w,""40.742264"",""30.325671"",""6.682943"",""1576789627844"""
"-LwUz7yW1fpcRnTNJI7W,""40.742264"",""30.325671"",""3.427734"",""1576789643473"""
"-LwUzBmTXtw1rnKAUSSu,""40.742264"",""30.325671"",""6.682943"",""1576789659085"""
"-LwUzFsHuxu5DTcmcpV9,""40.742264"",""30.325671"",""6.682943"",""1576789675843"""
"-LwUzJgBKFxZvpd2VqXy,""40.742264"",""30.325671"",""6.682943"",""1576789691456"""
"-LwUzNVgQ2q5jJ4VVrj5,""40.742264"",""30.325671"",""6.682943"",""1576789707101"""
"-LwUzRJYtnDFvJXwK4Bv,""40.742264"",""30.325671"",""6.682943"",""1576789722730"""
"-LwUzV7gAlMgP3bsJk0x,""40.742264"",""30.325671"",""4.648438"",""1576789738334"""
"-LwUzYwdtFUeIqIyACj4,""40.742264"",""30.325671"",""6.682943"",""1576789753951"""
"-LwUzbkcn02tdWDrX39l,""40.742264"",""30.325671"",""6.682943"",""1576789769577"""
"-LwUzfZlK8_d9QYniI6T,""40.742264"",""30.325671"",""6.682943"",""1576789785213"""
"-LwUzjOGLBwXGx0eqTyB,""40.742264"",""30.325671"",""4.648438"",""1576789800837"""
"-LwUznCFi4yEhfZGQsnB,""40.742264"",""30.325671"",""6.682943"",""1576789816451"""
"-LwUzr0BayhovQTtnGte,""40.742264"",""30.325671"",""3.427734"",""1576789832067"""
"-LwUzupDgExXNgPlN6EQ,""40.742264"",""30.325671"",""3.834635"",""1576789847682"""
"-LwUzyj2ViUgs2hNabXf,""40.742264"",""30.325671"",""6.682943"",""1576789863671"""
"-LwV-1Y28qxo0ppO51nD,""40.742264"",""30.325671"",""6.682943"",""1576789879290"""
"-LwV-5uovfjEfgNXvOM0,""40.742264"",""30.325671"",""6.682943"",""1576789897190"""
"-LwV-9ig2b2v5dCg5zL4,""40.742264"",""30.325671"",""6.682943"",""1576789912804"""
"-LwV-E4mZslB0Nnys843,""40.742264"",""30.325671"",""6.682943"",""1576789930708"""
"-LwV-HuSkR78k7DNfPeT,""40.742264"",""30.325671"",""6.682943"",""1576789946318"""
"-LwV-M1mwLPzGlkk16Gs,""40.742264"",""30.325671"",""6.682943"",""1576789963270"""
"-LwV-PrFGXB29Myrvi7D,""40.742264"",""30.325671"",""6.682943"",""1576789978898"""
"-LwV-TfOi77VP6FXDOiY,""40.742264"",""30.325671"",""6.682943"",""1576789994513"""
"-LwV-XUOodnyLZcTx4ZA,""40.742264"",""30.325671"",""6.682943"",""1576790010125"""
"-LwV-aIH_chVmpFS3YzK,""40.742264"",""30.325671"",""6.682943"",""1576790025734"""
"-LwV-eTjY5X7HNAWQFEW,""40.742264"",""30.325671"",""6.682943"",""1576790042940"""
"-LwV-iJKiT68tYJZ9MmP,""40.742264"",""30.325671"",""6.682943"",""1576790058575"""
"-LwV-m7NbDB5L1ik8mOb,""40.742264"",""30.325671"",""6.682943"",""1576790074188"""
"-LwV-pwLSM5tl0FjzRor,""40.742264"",""30.325671"",""6.682943"",""1576790089805"""
"-LwV-tkTSFKgAe4qJys1,""40.742264"",""30.325671"",""3.427734"",""1576790105429"""
"-LwV-xZSmIIDQFj_d_Jm,""40.742264"",""30.325671"",""6.682943"",""1576790121040"""
"-LwV00NJQyeCl3DsDVJP,""40.742264"",""30.325671"",""3.427734"",""1576790136646"""
"-LwV04BFfpVyq65el5tD,""40.742264"",""30.325671"",""6.682943"",""1576790155588"""
"-LwV08pne5d2GMjP2Z8R,""40.742264"",""30.325671"",""6.682943"",""1576790173357"""
"-LwV0D9UepRy56QBPsfU,""40.742264"",""30.325671"",""6.682943"",""1576790189015"""
"-LwV0GySwQWA0de9AEnk,""40.742264"",""30.325671"",""6.682943"",""1576790204631"""
"-LwV0Kmbe5f2bmVDpLdc,""40.742264"",""30.325671"",""6.682943"",""1576790220292"""
"-LwV0ObO1ZgOS-nOMkjg,""40.742264"",""30.325671"",""6.682943"",""1576790235931"""
"-LwV0SQa-a20K72Sts-h,""40.742264"",""30.325671"",""6.682943"",""1576790251548"""
"-LwV0WEWjGiKikpZmqiP,""40.742264"",""30.325671"",""3.427734"",""1576790267160"""
"-LwV0_2RfSRfL6kVpTiZ,""40.742264"",""30.325671"",""3.427734"",""1576790282768"""
"-LwV0crRR2S_hw_WgW1Y,""40.742264"",""30.325671"",""6.682943"",""1576790298383"""
"-LwV0gfUohZXv_N2MPfP,""40.742264"",""30.325671"",""6.682943"",""1576790314011"""
"-LwV0kUWAl_Ouve783Jb,""40.742264"",""30.325671"",""3.427734"",""1576790329622"""
"-LwV0oIZbrZiWSJBbjTe,""40.742264"",""30.325671"",""6.682943"",""1576790345237"""
"-LwV0s6XnXsBaaEc1jej,""40.742264"",""30.325671"",""6.682943"",""1576790360856"""
"-LwV0vvXy8Q6QpjrcLVB,""40.742264"",""30.325671"",""6.682943"",""1576790376471"""
"-LwV0zjaBW2HPsvrY1T4,""40.742264"",""30.325671"",""6.682943"",""1576790392119"""
"-LwV12Yx4jNdrADeGKXU,""40.742264"",""30.325671"",""6.682943"",""1576790407723"""
"-LwV16MidQIJAsisQQq_,""40.742264"",""30.325671"",""6.682943"",""1576790423323"""
"-LwV1AAORX86eRCNqBc9,""40.742264"",""30.325671"",""3.427734"",""1576790438916"""
"-LwV1E-CiK88tv06qX7A,""40.742264"",""30.325671"",""6.682943"",""1576790454601"""
"-LwV1IBRhbFIMSyvYBpJ,""40.742264"",""30.325671"",""6.682943"",""1576790472114"""
"-LwV1MkaEjwYY0yyALvP,""40.742264"",""30.325671"",""6.682943"",""1576790491189"""
"-LwV1RPlu387_0IG2hX7,""40.742264"",""30.325671"",""6.276042"",""1576790510553"""
"-LwV1Vy0-kYobysVDvbN,""40.742264"",""30.325671"",""6.682943"",""1576790529586"""
"-LwV1_7hAYtgDES7od5u,""40.742264"",""30.325671"",""6.682943"",""1576790545249"""
"-LwV1cwZJ45s79T4ee9d,""40.742264"",""30.325671"",""3.427734"",""1576790560854"""
"-LwV1gkPrlUcWk6ued_f,""40.742264"",""30.325671"",""6.276042"",""1576790576467"""
"-LwV1kfm3fJwG6_XqnMR,""40.742264"",""30.325671"",""3.427734"",""1576790592619"""
"-LwV1oVmZn5-lB1KC1ei,""40.742264"",""30.325671"",""6.276042"",""1576790608249"""
"-LwV1sK0MHu9TdlmY6Xg,""40.742264"",""30.325671"",""6.276042"",""1576790623862"""
"-LwV1w8-856ftav0Pm8o,""40.742264"",""30.325671"",""6.682943"",""1576790639477"""
"-LwV1zx3eYnFMD-rU3oK,""40.742264"",""30.325671"",""6.682943"",""1576790655095"""
"-LwV22lYQRRPzjsSW_46,""40.742264"",""30.325671"",""6.682943"",""1576790670792"""
"-LwV26aKAJYk2cNDFXq4,""40.742264"",""30.325671"",""6.682943"",""1576790686413"""
"-LwV2APLAkMoVaQZzIHh,""40.742264"",""30.325671"",""6.682943"",""1576790702020"""
"-LwV2EEgbHiF0NvJE1iB,""40.742264"",""30.325671"",""6.682943"",""1576790717729"""
"-LwV2I2_WKW9Y6NENk1f,""40.742264"",""30.325671"",""3.427734"",""1576790733333"""
"-LwV2LrPWUZPXlMs7qdC,""40.742264"",""30.325671"",""6.682943"",""1576790748942"""
"-LwV2PfF_T-JlEl-YtNC,""40.742264"",""30.325671"",""3.834635"",""1576790764549"""
"-LwV2TW0GIRNaqGnwM4n,""40.742264"",""30.325671"",""6.682943"",""1576790780276"""
"-LwV2XJwdDMGHS_QLbnq,""40.742264"",""30.325671"",""6.682943"",""1576790795884"""
"-LwV2a7rf9dDkFUBqm1g,""40.742264"",""30.325671"",""6.682943"",""1576790811495"""
"-LwV2dwfPB3MlNfdMBzZ,""40.742264"",""30.325671"",""3.427734"",""1576790827149"""
"-LwV2hlrwFoWrzK6Z5NP,""40.742264"",""30.325671"",""6.682943"",""1576790842813"""
"-LwV2l_zwczwMQh1qacl,""40.742264"",""30.325671"",""6.682943"",""1576790858417"""
"-LwV2pOrBmJp5ubt6QF3,""40.742264"",""30.325671"",""6.682943"",""1576790874028"""
"-LwV2tCiIEMzIpJELVdb,""40.742264"",""30.325671"",""3.427734"",""1576790889630"""
"-LwV2x0XYX6NqM-qTfz8,""40.742264"",""30.325671"",""3.427734"",""1576790905554"""
"-LwV3-uTianBlSAjpGhd,""40.742264"",""30.325671"",""6.682943"",""1576790921181"""
"-LwV33if3fnB4yXw04qP,""40.742264"",""30.325671"",""6.682943"",""1576790936846"""
"-LwV37YL0BT4muXfewBc,""40.742264"",""30.325671"",""6.682943"",""1576790952463"""
"-LwV3BMKnQUEz9f4ZbNO,""40.742264"",""30.325671"",""6.682943"",""1576790968072"""
"-LwV3FA6eh2r2gwiBEYm,""40.742264"",""30.325671"",""3.834635"",""1576790983672"""
"-LwV3IywL5E7KaMZ6NQ0,""40.742264"",""30.325671"",""6.682943"",""1576790999275"""
"-LwV3Mo9aIbfa604lyAg,""40.742264"",""30.325671"",""3.427734"",""1576791015106"""
"-LwV3QejGmluZcZoVKZ8,""40.742264"",""30.325671"",""3.427734"",""1576791030750"""
"-LwV3UTjoZmRRe7xhwms,""40.742264"",""30.325671"",""6.682943"",""1576791046451"""
"-LwV3YJ3rgpO-diNigAK,""40.742264"",""30.325671"",""6.682943"",""1576791062067"""
"-LwV3b6ybxpO_98v7kUy,""40.742264"",""30.325671"",""6.682943"",""1576791077728"""
"-LwV3ewgkx7pgO1vGCL3,""40.742264"",""30.325671"",""6.276042"",""1576791093681"""
"-LwV3ippNRapUxgLeT9r,""40.742264"",""30.325671"",""6.276042"",""1576791109360"""
"-LwV3memDFjTfBvInokd,""40.742264"",""30.325671"",""6.276042"",""1576791124964"""
"-LwV3qTeDL1zkLv7AoEx,""40.742264"",""30.325671"",""6.276042"",""1576791140574"""
"-LwV3uHqzhslZIKwHClO,""40.742264"",""30.325671"",""6.682943"",""1576791156201"""
"-LwV3y5gB-k1j-KFwEjb,""40.742264"",""30.325671"",""6.682943"",""1576791171809"""
"-LwV40uhIyY8GBBf0nMm,""40.742264"",""30.325671"",""6.276042"",""1576791187423"""
"-LwV44iguDBXbT8s7KIa,""40.742264"",""30.325671"",""6.682943"",""1576791203035"""
"-LwV48Xes0hZtYiQ2uiR,""40.742264"",""30.325671"",""6.682943"",""1576791218648"""
"-LwV4CLVq6qAV6eTmcgC,""40.742264"",""30.325671"",""6.682943"",""1576791234258"""
"-LwV4G9Rz_BkkURsj5pW,""40.742264"",""30.325671"",""6.682943"",""1576791249865"""
"-LwV4KLyiDAOUEv3-TFZ,""40.742264"",""30.325671"",""6.682943"",""1576791267031"""
"-LwV4O98JGlMy8cRPQwA,""40.742264"",""30.325671"",""6.682943"",""1576791282704"""
"-LwV4Rz1RHNLrYBr0SuX,""40.742264"",""30.325671"",""6.682943"",""1576791298267"""
"-LwV4Vm8wJKez12y1h7m,""40.742264"",""30.325671"",""3.427734"",""1576791313827"""
"-LwV4Z_IvzPfXpv8Cfzz,""40.742264"",""30.325671"",""6.682943"",""1576791329393"""
"-LwV4cNbMF6zFXoeKBBc,""40.742264"",""30.325671"",""6.682943"",""1576791344978"""
"-LwV4gCJzKcB5Dn1V_wq,""40.742264"",""30.325671"",""6.682943"",""1576791360623"""
"-LwV4k-XFhD591QWrf2p,""40.742264"",""30.325671"",""6.276042"",""1576791376189"""
"-LwV4nneqpWgXfhitXIL,""40.742264"",""30.325671"",""6.276042"",""1576791391753"""
"-LwV4ratXMC-ZGNDfhqe,""40.742264"",""30.325671"",""6.276042"",""1576791407322"""
"-LwV4vP8St6osV-x6vVy,""40.742264"",""30.325671"",""6.682943"",""1576791422880"""
"-LwV4zCKGLCk1kXsQW9V,""40.742264"",""30.325671"",""6.276042"",""1576791438449"""
"-LwV52-VTSb7jqv_Oc3_,""40.742264"",""30.325671"",""6.276042"",""1576791454009"""
"-LwV55ncOcFiyvQVHKUQ,""40.742264"",""30.325671"",""3.427734"",""1576791469574"""
"-LwV59ausQVo85HDze9T,""40.742264"",""30.325671"",""6.682943"",""1576791485138"""
"-LwV5DP2-H6PXj2mv4ka,""40.742264"",""30.325671"",""6.682943"",""1576791500737"""
"-LwV5HCmKTVtUO_hNJ6v,""40.742264"",""30.325671"",""3.427734"",""1576791516299"""
"-LwV5L-tALUvAVYsynZr,""40.742264"",""30.325671"",""3.427734"",""1576791531858"""
"-LwV5OnyghNNnu4TKfhG,""40.742264"",""30.325671"",""3.427734"",""1576791547415"""
"-LwV5Sb2vpBF0PVEtz4D,""40.742264"",""30.325671"",""6.682943"",""1576791562969"""
"-LwV5WP6qryRcNOmvSR8,""40.742264"",""30.325671"",""6.682943"",""1576791578527"""
"-LwV5_CIQw1xl87wH543,""40.742264"",""30.325671"",""6.276042"",""1576791594093"""
"-LwV5d-RnIrp6f_PBVB9,""40.742264"",""30.325671"",""6.276042"",""1576791609650"""
"-LwV5gnWpUJcVUY4-pUM,""40.742264"",""30.325671"",""6.276042"",""1576791625208"""
"-LwV5kabTWV2YnMtvbgZ,""40.742264"",""30.325671"",""6.276042"",""1576791640764"""
"-LwV5oQqpohPOMtpvllE,""40.742264"",""30.325671"",""6.682943"",""1576791656460"""
"-LwV5sDs9T9KFYpYtYA3,""40.742264"",""30.325671"",""3.427734"",""1576791672014"""
"-LwV5w0xkhULqQZ9VPB6,""40.742264"",""30.325671"",""6.682943"",""1576791687574"""
"-LwV5zp70OyzOGKEU6QI,""40.742264"",""30.325671"",""6.682943"",""1576791703142"""
"-LwV62cN03fUDuQFEr0v,""40.742264"",""30.325671"",""6.276042"",""1576791718706"""
"-LwV66QRVN_BseKzYuSO,""40.742264"",""30.325671"",""3.427734"",""1576791734262"""
"-LwV6ADd3oR_rJ3xAdqp,""40.742264"",""30.325671"",""3.427734"",""1576791749829"""
"-LwV6E0kLKR7QO8Bx4We,""40.742264"",""30.325671"",""3.427734"",""1576791765390"""
"-LwV6Hp5hHI6M_t6KaQN,""40.742264"",""30.325671"",""6.682943"",""1576791780978"""
"-LwV6LccA3ysDwSjQi2e,""40.742264"",""30.325671"",""6.682943"",""1576791796549"""
"-LwV6PgRxK48LB323M11,""40.742264"",""30.325671"",""6.682943"",""1576791813236"""
"-LwV6TVbd_gI20dZuoEX,""40.742264"",""30.325671"",""6.682943"",""1576791828799"""
"-LwV6XIdRT53Gu3db2gJ,""40.742264"",""30.325671"",""3.427734"",""1576791844361"""
"-LwV6a6vEIP4tmzhel5Y,""40.742264"",""30.325671"",""6.682943"",""1576791859989"""
"-LwV6dv4Blo5RBeFGxn9,""40.742264"",""30.325671"",""6.682943"",""1576791875548"""
"-LwV6hiAFSVBBN4YCi33,""40.742264"",""30.325671"",""6.682943"",""1576791891108"""
"-LwV6lWFJ-2DXXVcUDhY,""40.742264"",""30.325671"",""6.682943"",""1576791906662"""
"-LwV6pJLx6nx9TvEdC3C,""40.742264"",""30.325671"",""6.682943"",""1576791922226"""
"-LwV6t6Y_9LRasFVykVH,""40.742264"",""30.325671"",""6.682943"",""1576791937792"""
"-LwV6wupNBE5Zn6EIaiv,""40.742264"",""30.325671"",""6.682943"",""1576791953356"""
"-LwV7-huxAOCViqIniJB,""40.742264"",""30.325671"",""6.682943"",""1576791968916"""
"-LwV73W9NNjil5XfITQy,""40.742264"",""30.325671"",""6.682943"",""1576791984480"""
"-LwV77JElF4wlk4r7pvz,""40.742264"",""30.325671"",""6.682943"",""1576792000040"""
"-LwV7B6WPo9G5AS9In1F,""40.742264"",""30.325671"",""6.682943"",""1576792015608"""
"-LwV7Eudi45qQIMy4fHe,""40.742264"",""30.325671"",""6.682943"",""1576792031168"""
"-LwV7J0Nk96q6Mx04WM3,""40.742264"",""30.325671"",""3.427734"",""1576792048008"""
"-LwV7Mp94BNfLdJOgptl,""40.742264"",""30.325671"",""6.682943"",""1576792063609"""
"-LwV7QcwZ8qWegpqVtU_,""40.742264"",""30.325671"",""6.682943"",""1576792079207"""
"-LwV7URaiqP2ehMZPQfU,""40.742264"",""30.325671"",""3.427734"",""1576792094815"""
"-LwV7YFTkbwmjGtpUORi,""40.742264"",""30.325671"",""3.427734"",""1576792110418"""
"-LwV7b3Fi215eklyp9KT,""40.742264"",""30.325671"",""3.427734"",""1576792126011"""
"-LwV7es05SE__A8EvsGv,""40.742264"",""30.325671"",""6.276042"",""1576792141614"""
"-LwV7ifligNlBumXg9oK,""40.742264"",""30.325671"",""6.276042"",""1576792157226"""
"-LwV7mUaJEdhXKpb_uxi,""40.742264"",""30.325671"",""3.020833"",""1576792174171"""
"-LwV7qeq_Z8w2vqamVh_,""40.742264"",""30.325671"",""6.276042"",""1576792190063"""
"-LwV7uVlDd5GuPJmxVgj,""40.742264"",""30.325671"",""6.276042"",""1576792205663"""
"-LwV7yJUVV0CLVQW0vS-,""40.742264"",""30.325671"",""3.020833"",""1576792221263"""
"-LwV817XvjMJlHEw-QZS,""40.742264"",""30.325671"",""6.276042"",""1576792236879"""
"-LwV84wllSnZHmDABa3u,""40.742264"",""30.325671"",""6.276042"",""1576792252514"""
"-LwV88mEzOVELrqL2aK7,""40.742264"",""30.325671"",""6.276042"",""1576792268247"""
"-LwV8Cb8LuVaZKDh9Z5O,""40.742264"",""30.325671"",""3.427734"",""1576792283895"""
"-LwV8GPz0yPjeLvuVYW-,""40.742264"",""30.325671"",""6.276042"",""1576792299501"""
"-LwV8KLHXAw1AoZh268l,""40.742264"",""30.325671"",""6.276042"",""1576792316535"""
"-LwV8OThG5YRdVVIp4GK,""40.742264"",""30.325671"",""6.276042"",""1576792332509"""
"-LwV8SHVZKo3iEWvR2yi,""40.742264"",""30.325671"",""6.276042"",""1576792348119"""
"-LwV8W5MHu3rWfb-rGqv,""40.742264"",""30.325671"",""6.276042"",""1576792363729"""
"-LwV8ZuMTu9gtoeP7JHU,""40.742264"",""30.325671"",""6.276042"",""1576792379332"""
"-LwV8ciBgIV1HrvMfSdS,""40.742264"",""30.325671"",""3.020833"",""1576792394953"""
"-LwV8gXYJB9RTNNHwbsk,""40.742264"",""30.325671"",""6.276042"",""1576792410600"""
"-LwV8kLd0bCz_RsuLNyL,""40.742264"",""30.325671"",""6.276042"",""1576792426197"""
"-LwV8oOMfoyzWZt9H_6-,""40.742264"",""30.325671"",""6.276042"",""1576792442976"""
"-LwV8sGP2JWNHNr1GhEJ,""40.742264"",""30.325671"",""6.276042"",""1576792458701"""
